Workbook

Sheet SUMMARY
A1: SUMMARY OF 2025 WATER QUALITY ANALYSIS
A2: Regular Monitoring | B2: Water Classification for WQG | C2: Annual Average
C3: DO | D3: BOD | E3: TSS | F3: pH | G3: TEMP | H3: COLOR | I3: FECAL COLIFORM | J3: NITRATES | K3: PHOSPHATES | L3: CHLORIDES
A4: Priority Water Bodies
A5: Bocaue River | B5: C | C5: ='BOCAUE RIVER'!AC29 -> 3.5875 | D5: ='BOCAUE RIVER'!AD29 -> 7.9444444 | E5: ='BOCAUE RIVER'!AE29 -> 26.972222 | F5: ='BOCAUE RIVER'!AF29 -> 7.3097222 | G5: ='BOCAUE RIVER'!AG29 -> 28.405556 | H5: ='BOCAUE RIVER'!AH29 -> 21.805556 | I5: ='BOCAUE RIVER'!AI29 -> 210340.14 | J5: ='BOCAUE RIVER'!AJ29 -> 0.9121 | ... L5: ='BOCAUE RIVER'!AL29 -> 118.86111
A6: Santa Maria River | B6: C | C6: ='STA. MARIA RIVER'!AC29 -> 3.2158333 | D6: ='STA. MARIA RIVER'!AD29 -> 12.888889 | E6: ='STA. MARIA RIVER'!AE29 -> 44.555556 | F6: ='STA. MARIA RIVER'!AF29 -> 7.2141667 | G6: ='STA. MARIA RIVER'!AG29 -> 28.516667 | H6: ='STA. MARIA RIVER'!AH29 -> 24.833333 | I6: ='STA. MARIA RIVER'!AI29 -> 272433.36 | J6: ='STA. MARIA RIVER'!AJ29 -> 0.88311111 | ... L6: ='STA. MARIA RIVER'!AL29 -> 81.638889
A7: Other Water Bodies
A8: Pampanga River | B8: C | C8: ='PAMPANGA RIVER'!U35 -> 4.483 | D8: ='PAMPANGA RIVER'!V35 -> 4.2 | E8: ='PAMPANGA RIVER'!W35 -> 52.15 | F8: ='PAMPANGA RIVER'!X35 -> 7.238 | G8: ='PAMPANGA RIVER'!Y35 -> 28.815 | H8: ='PAMPANGA RIVER'!Z35 -> 20.5 | I8: ='PAMPANGA RIVER'!AA35 -> 7998.5883 | J8: ='PAMPANGA RIVER'!AB35 -> 0.79745 | ... L8: ='PAMPANGA RIVER'!AD35 -> 79.6
A9: Labangan River | B9: C | C9: ='LABANGAN RIVER'!X33 -> 3.9666667 | D9: ='LABANGAN RIVER'!Y33 -> 4.525 | E9: ='LABANGAN RIVER'!Z33 -> 33.5 | F9: ='LABANGAN RIVER'!AA33 -> 7.5441667 | G9: ='LABANGAN RIVER'!AB33 -> 28.641667 | H9: ='LABANGAN RIVER'!AC33 -> 15.416667 | I9: ='LABANGAN RIVER'!AD33 -> 20732.98 | J9: ='LABANGAN RIVER'!AE33 -> 0.21283333 | ... L9: ='LABANGAN RIVER'!AG33 -> 94.333333
A10: Angat River | B10: B | C10: ='ANGAT RIVERS 4L'!AD29 -> 5.9975 | D10: ='ANGAT RIVERS 4L'!AE29 -> 2.5 | E10: ='ANGAT RIVERS 4L'!AF29 -> 15.208333 | F10: ='ANGAT RIVERS 4L'!AG29 -> 7.5091667 | G10: ='ANGAT RIVERS 4L'!AH29 -> 27.958333 | H10: ='ANGAT RIVERS 4L'!AI29 -> 3.7988333 | I10: ='ANGAT RIVERS 4L'!AJ29 -> 14943.04 | J10: ='ANGAT RIVERS 4L'!AK29 -> 0.26066667 | ... L10: ='ANGAT RIVERS 4L'!AM29 -> 21.5
A11: Talavera River | B11: B | C11: ='TALAVERA RIVER'!J64 -> 6.1258333 | D11: ='TALAVERA RIVER'!K64 -> 2.8333333 | E11: ='TALAVERA RIVER'!L64 -> 63.583333 | F11: ='TALAVERA RIVER'!M64 -> 7.4591667 | G11: ='TALAVERA RIVER'!N64 -> 27.758333 | H11: ='TALAVERA RIVER'!O64 -> 5.4166667 | I11: ='TALAVERA RIVER'!P64 -> 5805.9142 | J11: ='TALAVERA RIVER'!Q64 -> 0.49658333 | ... L11: ='TALAVERA RIVER'!S64 -> 11
A12: Bagsit River | B12: B | C12: ='BAGSIT RIVER'!X30 -> 5.9341667 | D12: ='BAGSIT RIVER'!Y30 -> 2.4166667 | E12: ='BAGSIT RIVER'!Z30 -> 17.75 | F12: ='BAGSIT RIVER'!AA30 -> 7.5816667 | G12: ='BAGSIT RIVER'!AB30 -> 27.908333 | H12: ='BAGSIT RIVER'!AC30 -> 5.8333333 | I12: ='BAGSIT RIVER'!AD30 -> 3090.1976 | J12: ='BAGSIT RIVER'!AE30 -> 0.16866667 | ... L12: ='BAGSIT RIVER'!AG30 -> 54.916667
A13: Pudoc River | B13: B | C13: ='PUDOC RIVER (R4L)'!AC16 -> 4.8225 | D13: ='PUDOC RIVER (R4L)'!AD16 -> 2.1875 | E13: ='PUDOC RIVER (R4L)'!AE16 -> 14.25 | F13: ='PUDOC RIVER (R4L)'!AF16 -> 7.194375 | G13: ='PUDOC RIVER (R4L)'!AG16 -> 26.79375 | H13: ='PUDOC RIVER (R4L)'!AH16 -> 14.375 | I13: ='PUDOC RIVER (R4L)'!AI16 -> 30478.526 | J13: ='PUDOC RIVER (R4L)'!AJ16 -> 0.30775 | ... L13: ='PUDOC RIVER (R4L)'!AL16 -> 75.8125
A14: Palakol River | B14: B | C14: ='PALAKOL RIVER (R4L)'!S29 -> 6.0833333 | D14: ='PALAKOL RIVER (R4L)'!T29 -> 2.75 | E14: ='PALAKOL RIVER (R4L)'!U29 -> 31 | F14: ='PALAKOL RIVER (R4L)'!V29 -> 7.455 | G14: ='PALAKOL RIVER (R4L)'!W29 -> 29.091667 | H14: ='PALAKOL RIVER (R4L)'!X29 -> 19.25 | I14: ='PALAKOL RIVER (R4L)'!Y29 -> 14424.817 | J14: ='PALAKOL RIVER (R4L)'!Z29 -> 0.126 | ... L14: ='PALAKOL RIVER (R4L)'!AB29 -> 19.25
A15: Priority Recreational Waterbodies
A16: Bagac Bay | B16: SB | C16: ='MONTEMAR BEACH CLUB'!L59 -> 5.8805556 | D16: ='MONTEMAR BEACH CLUB'!M59 -> N/A | E16: ='MONTEMAR BEACH CLUB'!N59 -> 45.027778 | F16: ='MONTEMAR BEACH CLUB'!O59 -> 7.4355556 | G16: ='MONTEMAR BEACH CLUB'!P59 -> 28.816667 | H16: ='MONTEMAR BEACH CLUB'!Q59 -> 5.1388889 | I16: ='MONTEMAR BEACH CLUB'!R59 -> 69.62787 | J16: ='MONTEMAR BEACH CLUB'!S59 -> 0.12361111 | ... L16: ='MONTEMAR BEACH CLUB'!U59 -> N/A
A17: Baler Bay | B17: SB | C17: ='BALER BAY'!J95 -> 5.7741667 | D17: ='BALER BAY'!K95 -> N/A | E17: ='BALER BAY'!L95 -> 30.375 | F17: ='BALER BAY'!M95 -> 7.3808333 | G17: ='BALER BAY'!N95 -> 27.568056 | H17: ='BALER BAY'!O95 -> 5 | I17: ='BALER BAY'!P95 -> 791.68387 | J17: ='BALER BAY'!Q95 -> 0.15261111 | ... L17: ='BALER BAY'!S95 -> N/A
A18: Morong Bay | B18: SB | C18: ='JUNESS BEACH RESORT'!AG30 -> 5.7983333 | D18: ='JUNESS BEACH RESORT'!AH30 -> N/A | E18: ='JUNESS BEACH RESORT'!AI30 -> 23.194444 | F18: ='JUNESS BEACH RESORT'!AJ30 -> 7.4780556 | G18: ='JUNESS BEACH RESORT'!AK30 -> 29.227778 | H18: ='JUNESS BEACH RESORT'!AL30 -> 5 | I18: ='JUNESS BEACH RESORT'!AM30 -> 223.72151 | J18: ='JUNESS BEACH RESORT'!AN30 -> 0.10983333 | ... L18: ='JUNESS BEACH RESORT'!AP30 -> N/A
A19: Subic Bay | B19: SB | C19: ='SUBIC BAY'!J69 -> 5.92625 | D19: ='SUBIC BAY'!K69 -> N/A | E19: ='SUBIC BAY'!L69 -> 31.6875 | F19: ='SUBIC BAY'!M69 -> 7.4945833 | G19: ='SUBIC BAY'!N69 -> 29.622917 | H19: ='SUBIC BAY'!O69 -> 5 | I19: ='SUBIC BAY'!P69 -> 627.07393 | J19: ='SUBIC BAY'!Q69 -> 3.5837521 | ... L19: ='SUBIC BAY'!S69 -> N/A
A20: Other Recreational Waterbodies
A21: Iba Beach | B21: SB | C21: ='ZAMBALES BAY'!J69 -> 5.8797833 | D21: ='ZAMBALES BAY'!K69 -> N/A | E21: ='ZAMBALES BAY'!L69 -> 33.104167 | F21: ='ZAMBALES BAY'!M69 -> 7.3687689 | G21: ='ZAMBALES BAY'!N69 -> 29.216667 | H21: ='ZAMBALES BAY'!O69 -> 5 | I21: ='ZAMBALES BAY'!P69 -> 207.9159 | J21: ='ZAMBALES BAY'!Q69 -> 0.12235417 | ... L21: ='ZAMBALES BAY'!S69 -> N/A
A23: MMORS
A24: Marilao River | B24: A/C | C24: ='MARILAO RIVER'!AE33 -> 2.7673333 | D24: ='MARILAO RIVER'!AF33 -> 22.383333 | E24: ='MARILAO RIVER'!AG33 -> 28.916667 | F24: ='MARILAO RIVER'!AH33 -> 7.2466667 | G24: ='MARILAO RIVER'!AI33 -> 29.172833 | H24: ='MARILAO RIVER'!AJ33 -> 17.251 | I24: ='MARILAO RIVER'!AK33 -> 4717494 | J24: ='MARILAO RIVER'!AL33 -> 0.47841667 | ... L24: ='MARILAO RIVER'!AN33 -> 242.8
A25: Meycauayan River | B25: C | C25: ='MEYCAUAYAN RIVER'!AA114 -> 2.3230333 | D25: ='MEYCAUAYAN RIVER'!AB114 -> 47.65 | E25: ='MEYCAUAYAN RIVER'!AC114 -> 40.033333 | F25: ='MEYCAUAYAN RIVER'!AD114 -> 7.171 | G25: ='MEYCAUAYAN RIVER'!AE114 -> 27.948333 | H25: ='MEYCAUAYAN RIVER'!AF114 -> 26 | I25: ='MEYCAUAYAN RIVER'!AG114 -> 5209933.5 | J25: ='MEYCAUAYAN RIVER'!AH114 -> 0.45205 | ... L25: ='MEYCAUAYAN RIVER'!AJ114 -> 108.6
A26: Obando River | B26: C | C26: ='OBANDO RIVER'!AC29 -> 3.8513889 | D26: ='OBANDO RIVER'!AD29 -> 17.638889 | E26: ='OBANDO RIVER'!AE29 -> 39.791667 | F26: ='OBANDO RIVER'!AF29 -> 7.2633333 | G26: ='OBANDO RIVER'!AG29 -> 29.124167 | H26: ='OBANDO RIVER'!AH29 -> 16.805556 | I26: ='OBANDO RIVER'!AI29 -> 115196.42 | J26: ='OBANDO RIVER'!AJ29 -> 0.36672222 | ... L26: ='OBANDO RIVER'!AL29 -> 975.80556

Sheet MARILAO RIVER
C1: SUMMARY REPORT OF WATER QUALITY MONITORING DATA
C2: SUBMITTED BY THE REGIONAL OFFICES
C3: CY 2025
C4: MARILAO RIVER
C5: CLASS C ( 5 STATIONS )
A6: Region | B6: Parameter | C6: Stn. No. | D6: Stn. ID | E6: Address | F6: January | G6: February | H6: March | I6: April | J6: May | K6: June | L6: July | M6: August | N6: September | O6: October | P6: November | Q6: December | R6: Average/Geomean | S6: WQG | T6: Code
A7: III | B7: DO (mg/L) | C7: 1 | D7: Marilao-Caloocan Bridge | E7: Loma De Gato, Marilao, Bulacan | F7: 3 | G7: 1.5 | H7: 3.43 | I7: 3.41 | J7: 4.5 | K7: 3.36 | L7: 3.8 | M7: 4.71 | N7: 4.98 | O7: 4.63 | P7: 4.25 | Q7: 4.45 | R7: =IFERROR(AVERAGE(F7:Q7), 0) -> 3.835 | S7: 5 | T7: MAR_1 | Z7: Water Quality Statistical Report
B8: DO (mg/L) | C8: 2 | D8: Prenza Dam | E8: Prenza II, Marilao, Bulacan | F8: 0.1 | G8: 1.68 | H8: 3.7 | I8: 3.28 | J8: 3.6 | K8: 3.15 | L8: 3.2 | M8: 3.89 | N8: 4.9 | O8: 4.53 | P8: 4.11 | Q8: 4.53 | R8: =IFERROR(AVERAGE(F8:Q8), 0) -> 3.3891667 | S8: 5 | T8: MAR_2 | Z8: 1st Semi-Annual 2025
B9: DO (mg/L) | C9: 3 | D9: Expressway Bridge | E9: Patubig, Marilao, Bulacan | F9: 0.1 | G9: 0.45 | H9: 0.95 | I9: 1.81 | J9: 2.1 | K9: 1.63 | L9: 2.15 | M9: 2.46 | N9: 2.93 | O9: 4.6 | P9: 3.58 | Q9: 2.61 | R9: =IFERROR(AVERAGE(F9:Q9), 0) -> 2.1141667 | S9: 5 | T9: MAR_3 | AE9: PARAMETERS
B10: DO (mg/L) | C10: 4 | D10: Mc Arthur Bridge | E10: Tabing Ilog, Marilao, Bulacan | F10: 0.1 | G10: 0.74 | H10: 1.1 | I10: 1.89 | J10: 2 | K10: 1.58 | L10: 2.1 | M10: 3.24 | N10: 3.2 | O10: 5.15 | P10: 3.38 | Q10: 2.61 | R10: =IFERROR(AVERAGE(F10:Q10), 0) -> 2.2575 | S10: 5 | T10: MAR_4 | Z10: Province / Municipality | AA10: Waterbody | AB10: Class | AC10: No. of Station | AD10: Name of Station | AE10: DO | AF10: BOD | AG10: TSS | AH10: pH | AI10: TEMP | AJ10: COLOR | AK10: FECAL COLIFORM | AL10: NITRATES | AM10: PHOSPHATES | AN10: CHLORIDES
B11: DO (mg/L) | C11: 5 | D11: Ibayo Bridge | E11: Ibayo, Marilao, Bulacan | F11: 0.1 | G11: 0.58 | H11: 0.93 | I11: 1.93 | J11: 1.9 | K11: 1.51 | L11: 2.13 | M11: 3.21 | N11: 3.27 | O11: 5.3 | P11: 3.53 | Q11: 2.5 | R11: =IFERROR(AVERAGE(F11:Q11), 0) -> 2.2408333 | S11: 5 | T11: MAR_5 | Z11: MARILAO, BULACAN | AA11: MARILAO RIVER | AB11: C | AC11: 1 | AD11: Ibayo Bridge | AE11: =AVERAGE(F7:K7) -> 3.2 | AF11: =AVERAGE(F12:K12) -> 20.666667 | AG11: =AVERAGE(F17:K17) -> 24.333333 | AH11: =AVERAGE(F22:K22) -> 7.2233333 | AI11: =AVERAGE(F27:K27) -> 28.666667 | AJ11: =AVERAGE(F32:K32) -> 19.166667 | AK11: =GEOMEAN(F37:K37) -> 5994809.8 | AL11: =AVERAGE(F42:K42) -> 0.31033333 | AM11: =AVERAGE(F47:K47) -> 0.9975 | AN11: =AVERAGE(F52:K52) -> 123.33333
B12: BOD (mg/L) | C12: 1 | D12: Marilao-Caloocan Bridge | E12: Loma De Gato, Marilao, Bulacan | F12: 16 | G12: 25 | H12: 24 | I12: 24 | J12: 22 | K12: 13 | L12: 35 | M12: 11 | N12: 12 | O12: 13 | P12: 10 | Q12: 10 | R12: =IFERROR(AVERAGE(F12:Q12), 0) -> 17.916667 | S12: 7 | T12: MAR_1 | AC12: 2 | AD12: Mc Arthur Bridge | AE12: =AVERAGE(F8:K8) -> 2.585 | AF12: =AVERAGE(F13:K13) -> 24.833333 | AG12: =AVERAGE(F18:K18) -> 22.5 | AH12: =AVERAGE(F23:K23) -> 7.12 | AI12: =AVERAGE(F28:K28) -> 28.783333 | AJ12: =AVERAGE(F33:K33) -> 20 | AK12: =GEOMEAN(F38:K38) -> 6315839.6 | AL12: =AVERAGE(F43:K43) -> 0.27 | AM12: =AVERAGE(F48:K48) -> 0.887 | AN12: =AVERAGE(F53:K53) -> 1001.8333
B13: BOD (mg/L) | C13: 2 | D13: Prenza Dam | E13: Prenza II, Marilao, Bulacan | F13: 42 | G13: 18 | H13: 24 | I13: 23 | J13: 29 | K13: 13 | L13: 14 | M13: 12 | N13: 13 | O13: 17 | P13: 11 | Q13: 10 | R13: =IFERROR(AVERAGE(F13:Q13), 0) -> 18.833333 | S13: 7 | T13: MAR_2 | AC13: 3 | AD13: Expressway Bridge | AE13: =AVERAGE(F9:K9) -> 1.1733333 | AF13: =AVERAGE(F14:K14) -> 35 | AG13: =AVERAGE(F19:K19) -> 30 | AH13: =AVERAGE(F24:K24) -> 7.045 | AI13: =AVERAGE(F29:K29) -> 28.848333 | AJ13: =AVERAGE(F34:K34) -> 24.166667 | AK13: =GEOMEAN(F39:K39) -> 7712836.1 | AL13: =AVERAGE(F44:K44) -> 0.52466667 | AM13: =AVERAGE(F49:K49) -> 1.1998333 | AN13: =AVERAGE(F54:K54) -> 342.5
B14: BOD (mg/L) | C14: 3 | D14: Expressway Bridge | E14: Patubig, Marilao, Bulacan | F14: 19 | G14: 36 | H14: 51 | I14: 59 | J14: 29 | K14: 16 | L14: 14 | M14: 19 | N14: 16 | O14: 23 | P14: 12 | Q14: 19 | R14: =IFERROR(AVERAGE(F14:Q14), 0) -> 26.083333 | S14: 7 | T14: MAR_3 | AC14: 4 | AD14: Prenza Dam | AE14: =AVERAGE(F10:K10) -> 1.235 | AF14: =AVERAGE(F15:K15) -> 28.5 | AG14: =AVERAGE(F20:K20) -> 20.166667 | AH14: =AVERAGE(F25:K25) -> 7.0516667 | AI14: =AVERAGE(F30:K30) -> 28.833333 | AJ14: =AVERAGE(F35:K35) -> 23.333333 | AK14: =GEOMEAN(F40:K40) -> 5236948.7 | AL14: =AVERAGE(F45:K45) -> 0.39483333 | AM14: =AVERAGE(F50:K50) -> 0.92116667 | AN14: =AVERAGE(F55:K55) -> 359.5
B15: BOD (mg/L) | C15: 4 | D15: Mc Arthur Bridge | E15: Tabing Ilog, Marilao, Bulacan | F15: 21 | G15: 31 | H15: 50 | I15: 29 | J15: 23 | K15: 17 | L15: 20 | M15: 16 | N15: 11 | O15: 23 | P15: 11 | Q15: 36 | R15: =IFERROR(AVERAGE(F15:Q15), 0) -> 24 | S15: 7 | T15: MAR_4 | AC15: 5 | AD15: Marilao-Caloocan Bridge | AE15: =AVERAGE(F11:K11) -> 1.1583333 | AF15: =AVERAGE(F16:K16) -> 29.666667 | AG15: =AVERAGE(F21:K21) -> 24 | AH15: =AVERAGE(F26:K26) -> 7.045 | AI15: =AVERAGE(F31:K31) -> 28.813333 | AJ15: =AVERAGE(F36:K36) -> 23.333333 | AK15: =GEOMEAN(F41:K41) -> 9425296.6 | AL15: =AVERAGE(F46:K46) -> 0.35133333 | AM15: =AVERAGE(F51:K51) -> 1.0421667 | AN15: =AVERAGE(F56:K56) -> 421.5
B16: BOD (mg/L) | C16: 5 | D16: Ibayo Bridge | E16: Ibayo, Marilao, Bulacan | F16: 29 | G16: 32 | H16: 47 | I16: 32 | J16: 22 | K16: 16 | L16: 19 | M16: 16 | N16: 16 | O16: 25 | P16: 22 | Q16: 25 | R16: =IFERROR(AVERAGE(F16:Q16), 0) -> 25.083333 | S16: 7 | T16: MAR_5
B17: TSS (mg/L) | C17: 1 | D17: Marilao-Caloocan Bridge | E17: Loma De Gato, Marilao, Bulacan | F17: 14 | G17: 15 | H17: 13 | I17: 24 | J17: 55 | K17: 25 | L17: 21 | M17: 29 | N17: 36 | O17: 34 | P17: 31 | Q17: 36 | R17: =IFERROR(AVERAGE(F17:Q17), 0) -> 27.75 | S17: 80 | T17: MAR_1 | Z17: AVERAGE | AE17: =AVERAGE(AE11:AE15) -> 1.8703333 | AF17: =AVERAGE(AF11:AF15) -> 27.733333 | AG17: =AVERAGE(AG11:AG15) -> 24.2 | AH17: =AVERAGE(AH11:AH15) -> 7.097 | AI17: =AVERAGE(AI11:AI15) -> 28.789 | AJ17: =AVERAGE(AJ11:AJ15) -> 22 | AK17: =AVERAGE(AK11:AK15) -> 6937146.2 | AL17: =AVERAGE(AL11:AL15) -> 0.37023333 | ... AN17: =AVERAGE(AN11:AN15) -> 449.73333
B18: TSS (mg/L) | C18: 2 | D18: Prenza Dam | E18: Prenza II, Marilao, Bulacan | F18: 12 | G18: 17 | H18: 17 | I18: 15 | J18: 40 | K18: 34 | L18: 14 | M18: 29 | N18: 86 | O18: 38 | P18: 36 | Q18: 31 | R18: =IFERROR(AVERAGE(F18:Q18), 0) -> 30.75 | S18: 80 | T18: MAR_2 | Z18: MINIMUM | AE18: =MIN(AE11:AE15) -> 1.1583333 | AF18: =MIN(AF11:AF15) -> 20.666667 | AG18: =MIN(AG11:AG15) -> 20.166667 | AH18: =MIN(AH11:AH15) -> 7.045 | AI18: =MIN(AI11:AI15) -> 28.666667 | AJ18: =MIN(AJ11:AJ15) -> 19.166667 | AK18: =MIN(AK11:AK15) -> 5236948.7 | AL18: =MIN(AL11:AL15) -> 0.27 | ... AN18: =MIN(AN11:AN15) -> 123.33333
B19: TSS (mg/L) | C19: 3 | D19: Expressway Bridge | E19: Patubig, Marilao, Bulacan | F19: 15 | G19: 20 | H19: 19 | I19: 16 | J19: 70 | K19: 40 | L19: 23 | M19: 26 | N19: 37 | O19: 39 | P19: 29 | Q19: 40 | R19: =IFERROR(AVERAGE(F19:Q19), 0) -> 31.166667 | S19: 80 | T19: MAR_3 | Z19: MAXIMUM | AE19: =MAX(AE11:AE15) -> 3.2 | AF19: =MAX(AF11:AF15) -> 35 | AG19: =MAX(AG11:AG15) -> 30 | AH19: =MAX(AH11:AH15) -> 7.2233333 | AI19: =MAX(AI11:AI15) -> 28.848333 | AJ19: =MAX(AJ11:AJ15) -> 24.166667 | AK19: =MAX(AK11:AK15) -> 9425296.6 | AL19: =MAX(AL11:AL15) -> 0.52466667 | ... AN19: =MAX(AN11:AN15) -> 1001.8333
B20: TSS (mg/L) | C20: 4 | D20: Mc Arthur Bridge | E20: Tabing Ilog, Marilao, Bulacan | F20: 16 | G20: 13 | H20: 19 | I20: 11 | J20: 28 | K20: 34 | L20: 28 | M20: 33 | N20: 33 | O20: 32 | P20: 34 | Q20: 45 | R20: =IFERROR(AVERAGE(F20:Q20), 0) -> 27.166667 | S20: 80 | T20: MAR_4 | Z20: STANDARD | AE20: 5 mg/L | AF20: 7 mg/L | AG20: 80 mg/L | AH20: 6.5-9.0 | AI20: 25-31 °C | AJ20: 75 TCU | AK20: 200 MPN/100 L | AL20: 7 mg/L | AM20: 0.025 mg/L | AN20: 350 mg/L
B21: TSS (mg/L) | C21: 5 | D21: Ibayo Bridge | E21: Ibayo, Marilao, Bulacan | F21: 24 | G21: 13 | H21: 30 | I21: 19 | J21: 19 | K21: 39 | L21: 16 | M21: 32 | N21: 32 | O21: 29 | P21: 28 | Q21: 52 | R21: =IFERROR(AVERAGE(F21:Q21), 0) -> 27.75 | S21: 80 | T21: MAR_5
B22: pH | C22: 1 | D22: Marilao-Caloocan Bridge | E22: Loma De Gato, Marilao, Bulacan | F22: 7.1 | G22: 7.14 | H22: 7.08 | I22: 7.13 | J22: 7.8 | K22: 7.09 | L22: 7.2 | M22: 7.28 | N22: 7.38 | O22: 7.77 | P22: 7.48 | Q22: 7.63 | R22: =IFERROR(AVERAGE(F22:Q22), 0) -> 7.34 | S22: 6.5-9.0 | T22: MAR_1
B23: pH | C23: 2 | D23: Prenza Dam | E23: Prenza II, Marilao, Bulacan | F23: 7.1 | G23: 7 | H23: 7.11 | I23: 7.11 | J23: 7.3 | K23: 7.1 | L23: 7.15 | M23: 7.25 | N23: 7.41 | O23: 7.69 | P23: 7.48 | Q23: 7.58 | R23: =IFERROR(AVERAGE(F23:Q23), 0) -> 7.2733333 | S23: 6.5-9.0 | T23: MAR_2 | Z23: Water Quality Statistical Report
B24: pH | C24: 3 | D24: Expressway Bridge | E24: Patubig, Marilao, Bulacan | F24: 7 | G24: 7 | H24: 7.05 | I24: 7.01 | J24: 7.19 | K24: 7.02 | L24: 7.19 | M24: 7.21 | N24: 7.29 | O24: 7.57 | P24: 7.53 | Q24: 7.38 | R24: =IFERROR(AVERAGE(F24:Q24), 0) -> 7.2033333 | S24: 6.5-9.0 | T24: MAR_3 | Z24: Annual 2025
B25: pH | C25: 4 | D25: Mc Arthur Bridge | E25: Tabing Ilog, Marilao, Bulacan | F25: 7 | G25: 7.01 | H25: 7.1 | I25: 7.01 | J25: 7.18 | K25: 7.01 | L25: 7.2 | M25: 7.18 | N25: 7.19 | O25: 7.7 | P25: 7.39 | Q25: 7.39 | R25: =IFERROR(AVERAGE(F25:Q25), 0) -> 7.1966667 | S25: 6.5-9.0 | T25: MAR_4 | AE25: PARAMETERS
B26: pH | C26: 5 | D26: Ibayo Bridge | E26: Ibayo, Marilao, Bulacan | F26: 7 | G26: 7.15 | H26: 7.01 | I26: 6.98 | J26: 7.15 | K26: 6.98 | L26: 7.15 | M26: 7.25 | N26: 7.23 | O26: 7.8 | P26: 7.41 | Q26: 7.53 | R26: =IFERROR(AVERAGE(F26:Q26), 0) -> 7.22 | S26: 6.5-9.0 | T26: MAR_5 | Z26: Province / Municipality | AA26: Waterbody | AB26: Class | AC26: No. of Station | AD26: Name of Station | AE26: DO | AF26: BOD | AG26: TSS | AH26: pH | AI26: TEMP | AJ26: COLOR | AK26: FECAL COLIFORM | AL26: NITRATES | AM26: PHOSPHATES | AN26: CHLORIDES
B27: Temp. (°C) | C27: 1 | D27: Marilao-Caloocan Bridge | E27: Loma De Gato, Marilao, Bulacan | F27: 27.1 | G27: 28.6 | H27: 29.3 | I27: 31.7 | J27: 26.5 | K27: 28.8 | L27: 33.7 | M27: 29.2 | N27: 29 | O27: 27.8 | P27: 29 | Q27: 29.8 | R27: =IFERROR(AVERAGE(F27:Q27), 0) -> 29.208333 | S27: 25-31 | T27: MAR_1 | Z27: MARILAO, BULACAN | AA27: MARILAO RIVER | AB27: C | AC27: 1 | AD27: Ibayo Bridge | AE27: =R7 -> 3.835 | AF27: =R12 -> 17.916667 | AG27: =R17 -> 27.75 | AH27: =R22 -> 7.34 | AI27: =R27 -> 29.208333 | AJ27: =R32 -> 14.634083 | AK27: =R37 -> 3323921.5 | AL27: =R42 -> 0.578 | AM27: =R47 -> 0.82425 | AN27: =R52 -> 73.583333
B28: Temp. (°C) | C28: 2 | D28: Prenza Dam | E28: Prenza II, Marilao, Bulacan | F28: 27 | G28: 29 | H28: 29.4 | I28: 31.7 | J28: 26.8 | K28: 28.8 | L28: 33.9 | M28: 29 | N28: 28.8 | O28: 27.8 | P28: 28.9 | Q28: 29.5 | R28: =IFERROR(AVERAGE(F28:Q28), 0) -> 29.216667 | S28: 25-31 | T28: MAR_2 | AC28: 2 | AD28: Mc Arthur Bridge | AE28: =R8 -> 3.3891667 | AF28: =R13 -> 18.833333 | AG28: =R18 -> 30.75 | AH28: =R23 -> 7.2733333 | AI28: =R28 -> 29.216667 | AJ28: =R33 -> 15.465917 | AK28: =R38 -> 4518250.9 | AL28: =R43 -> 0.53791667 | AM28: =R48 -> 0.76116667 | AN28: =R53 -> 514.33333
B29: Temp. (°C) | C29: 3 | D29: Expressway Bridge | E29: Patubig, Marilao, Bulacan | F29: 26.8 | G29: 29.29 | H29: 29 | I29: 31.1 | J29: 27.1 | K29: 29.8 | L29: 33.8 | M29: 28.7 | N29: 29.1 | O29: 27.9 | P29: 29 | Q29: 29.1 | R29: =IFERROR(AVERAGE(F29:Q29), 0) -> 29.224167 | S29: 25-31 | T29: MAR_3 | AC29: 3 | AD29: Expressway Bridge | AE29: =R9 -> 2.1141667 | AF29: =R14 -> 26.083333 | AG29: =R19 -> 31.166667 | AH29: =R24 -> 7.2033333 | AI29: =R29 -> 29.224167 | AJ29: =R34 -> 19.32075 | AK29: =R39 -> 6046951.5 | AL29: =R44 -> 0.4815 | AM29: =R49 -> 1.0780833 | AN29: =R54 -> 193.58333
B30: Temp. (°C) | C30: 4 | D30: Mc Arthur Bridge | E30: Tabing Ilog, Marilao, Bulacan | F30: 26.8 | G30: 29.2 | H30: 28.9 | I30: 31 | J30: 27.3 | K30: 29.8 | L30: 33.7 | M30: 28.5 | N30: 29.1 | O30: 27.6 | P30: 29 | Q30: 29.1 | R30: =IFERROR(AVERAGE(F30:Q30), 0) -> 29.166667 | S30: 25-31 | T30: MAR_4 | AC30: 4 | AD30: Prenza Dam | AE30: =R10 -> 2.2575 | AF30: =R15 -> 24 | AG30: =R20 -> 27.166667 | AH30: =R25 -> 7.1966667 | AI30: =R30 -> 29.166667 | AJ30: =R35 -> 18.4025 | AK30: =R40 -> 3068204 | AL30: =R45 -> 0.42033333 | AM30: =R50 -> 0.85616667 | AN30: =R55 -> 198.66667
B31: Temp. (°C) | C31: 5 | D31: Ibayo Bridge | E31: Ibayo, Marilao, Bulacan | F31: 26.7 | G31: 29.98 | H31: 29.1 | I31: 30.1 | J31: 27.5 | K31: 29.5 | L31: 33.9 | M31: 27.8 | N31: 28 | O31: 27.6 | P31: 28.9 | Q31: 29.5 | R31: =IFERROR(AVERAGE(F31:Q31), 0) -> 29.048333 | S31: 25-31 | T31: MAR_5 | AC31: 5 | AD31: Marilao-Caloocan Bridge | AE31: =R11 -> 2.2408333 | AF31: =R16 -> 25.083333 | AG31: =R21 -> 27.75 | AH31: =R26 -> 7.22 | AI31: =R31 -> 29.048333 | AJ31: =R36 -> 18.43175 | AK31: =R41 -> 6630142.4 | AL31: =R46 -> 0.37433333 | AM31: =R51 -> 0.91425 | AN31: =R56 -> 233.83333
B32: Color (TCU) | C32: 1 | D32: Marilao-Caloocan Bridge | E32: Loma De Gato, Marilao, Bulacan | F32: 15 | G32: 10 | H32: 20 | I32: 25 | J32: 25 | K32: 20 | L32: 15 | M32: 15 | N32: 0.609 | O32: 10 | P32: 10 | Q32: 10 | R32: =IFERROR(AVERAGE(F32:Q32), 0) -> 14.634083 | S32: 75 | T32: MAR_1
B33: Color (TCU) | C33: 2 | D33: Prenza Dam | E33: Prenza II, Marilao, Bulacan | F33: 15 | G33: 15 | H33: 20 | I33: 25 | J33: 25 | K33: 20 | L33: 15 | M33: 15 | N33: 0.591 | O33: 10 | P33: 10 | Q33: 15 | R33: =IFERROR(AVERAGE(F33:Q33), 0) -> 15.465917 | S33: 75 | T33: MAR_2 | Z33: AVERAGE | AE33: =AVERAGE(AE27:AE31) -> 2.7673333 | AF33: =AVERAGE(AF27:AF31) -> 22.383333 | AG33: =AVERAGE(AG27:AG31) -> 28.916667 | AH33: =AVERAGE(AH27:AH31) -> 7.2466667 | AI33: =AVERAGE(AI27:AI31) -> 29.172833 | AJ33: =AVERAGE(AJ27:AJ31) -> 17.251 | AK33: =AVERAGE(AK27:AK31) -> 4717494 | AL33: =AVERAGE(AL27:AL31) -> 0.47841667 | ... AN33: =AVERAGE(AN27:AN31) -> 242.8
B34: Color (TCU) | C34: 3 | D34: Expressway Bridge | E34: Patubig, Marilao, Bulacan | F34: 20 | G34: 25 | H34: 25 | I34: 30 | J34: 25 | K34: 20 | L34: 20 | M34: 20 | N34: 1.849 | O34: 15 | P34: 15 | Q34: 15 | R34: =IFERROR(AVERAGE(F34:Q34), 0) -> 19.32075 | S34: 75 | T34: MAR_3 | Z34: MINIMUM | AE34: =MIN(AE27:AE31) -> 2.1141667 | AF34: =MIN(AF27:AF31) -> 17.916667 | AG34: =MIN(AG27:AG31) -> 27.166667 | AH34: =MIN(AH27:AH31) -> 7.1966667 | AI34: =MIN(AI27:AI31) -> 29.048333 | AJ34: =MIN(AJ27:AJ31) -> 14.634083 | AK34: =MIN(AK27:AK31) -> 3068204 | AL34: =MIN(AL27:AL31) -> 0.37433333 | ... AN34: =MIN(AN27:AN31) -> 73.583333
B35: Color (TCU) | C35: 4 | D35: Mc Arthur Bridge | E35: Tabing Ilog, Marilao, Bulacan | F35: 20 | G35: 25 | H35: 30 | I35: 30 | J35: 25 | K35: 10 | L35: 15 | M35: 20 | N35: 0.83 | O35: 10 | P35: 15 | Q35: 20 | R35: =IFERROR(AVERAGE(F35:Q35), 0) -> 18.4025 | S35: 75 | T35: MAR_4 | Z35: MAXIMUM | AE35: =MAX(AE27:AE31) -> 3.835 | AF35: =MAX(AF27:AF31) -> 26.083333 | AG35: =MAX(AG27:AG31) -> 31.166667 | AH35: =MAX(AH27:AH31) -> 7.34 | AI35: =MAX(AI27:AI31) -> 29.224167 | AJ35: =MAX(AJ27:AJ31) -> 19.32075 | AK35: =MAX(AK27:AK31) -> 6630142.4 | AL35: =MAX(AL27:AL31) -> 0.578 | ... AN35: =MAX(AN27:AN31) -> 514.33333
B36: Color (TCU) | C36: 5 | D36: Ibayo Bridge | E36: Ibayo, Marilao, Bulacan | F36: 20 | G36: 25 | H36: 30 | I36: 30 | J36: 25 | K36: 10 | L36: 20 | M36: 15 | N36: 1.181 | O36: 15 | P36: 15 | Q36: 15 | R36: =IFERROR(AVERAGE(F36:Q36), 0) -> 18.43175 | S36: 75 | T36: MAR_5 | Z36: STANDARD | AE36: 5 mg/L | AF36: 7 mg/L | AG36: 80 mg/L | AH36: 6.5-9.0 | AI36: 25-31 °C | AJ36: 75 TCU | AK36: 200 MPN/100 L | AL36: 7 mg/L | AM36: 0.025 mg/L | AN36: 350 mg/L
B37: Fecal Coliform (MPN/100mL) | C37: 1 | D37: Marilao-Caloocan Bridge | E37: Loma De Gato, Marilao, Bulacan | F37: 1300000 | G37: 9200000 | H37: 6300000 | I37: 11000000 | J37: 16000000 | K37: 3500000 | L37: 2400000 | M37: 54000000 | N37: 49000 | O37: 11000000 | P37: 1700000 | Q37: 330000 | R37: =IFERROR(GEOMEAN(F37:Q37), 0) -> 3323921.5 | S37: 200 | T37: MAR_1
B38: Fecal Coliform (MPN/100mL) | C38: 2 | D38: Prenza Dam | E38: Prenza II, Marilao, Bulacan | F38: 16000000 | G38: 3500000 | H38: 9200000 | I38: 7000000 | J38: 16000000 | K38: 1100000 | L38: 1700000 | M38: 35000000 | N38: 2400000 | O38: 11000000 | P38: 2200000 | Q38: 330000 | R38: =IFERROR(GEOMEAN(F38:Q38), 0) -> 4518250.9 | S38: 200 | T38: MAR_2
B39: Fecal Coliform (MPN/100mL) | C39: 3 | D39: Expressway Bridge | E39: Patubig, Marilao, Bulacan | F39: 17000000 | G39: 6500000 | H39: 35000000 | I39: 5400000 | J39: 16000000 | K39: 630000 | L39: 2400000 | M39: 24000000 | N39: 700000 | O39: 16000000 | P39: 1100000 | Q39: 16000000 | R39: =IFERROR(GEOMEAN(F39:Q39), 0) -> 6046951.5 | S39: 200 | T39: MAR_3
B40: Fecal Coliform (MPN/100mL) | C40: 4 | D40: Mc Arthur Bridge | E40: Tabing Ilog, Marilao, Bulacan | F40: 11000000 | G40: 7000000 | H40: 9200000 | I40: 1400000 | J40: 16000000 | K40: 1300000 | L40: 3500000 | M40: 92000000 | N40: 33000 | O40: 1200000 | P40: 490000 | Q40: 5400000 | R40: =IFERROR(GEOMEAN(F40:Q40), 0) -> 3068204 | S40: 200 | T40: MAR_4
B41: Fecal Coliform (MPN/100mL) | C41: 5 | D41: Ibayo Bridge | E41: Ibayo, Marilao, Bulacan | F41: 24000000 | G41: 5400000 | H41: 9200000 | I41: 35000000 | J41: 24000000 | K41: 700000 | L41: 2400000 | M41: 160000000 | N41: 3500000 | O41: 16.000,000 | P41: 330000 | Q41: 3500000 | R41: =IFERROR(GEOMEAN(F41:Q41), 0) -> 6630142.4 | S41: 200 | T41: MAR_5
B42: NO3-N (mg/L) | C42: 1 | D42: Marilao-Caloocan Bridge | E42: Loma De Gato, Marilao, Bulacan | F42: 0.35 | G42: 0.438 | H42: 0.327 | I42: 0.41 | J42: 0.121 | K42: 0.216 | L42: 0.419 | M42: 0.058 | N42: 1.624 | O42: 1.245 | P42: 0.82 | Q42: 0.908 | R42: =IFERROR(AVERAGE(F42:Q42), 0) -> 0.578 | S42: 7 | T42: MAR_1
B43: NO3-N (mg/L) | C43: 2 | D43: Prenza Dam | E43: Prenza II, Marilao, Bulacan | F43: 0.171 | G43: 0.34 | H43: 0.242 | I43: 0.434 | J43: 0.141 | K43: 0.292 | L43: 0.256 | M43: 0.111 | N43: 1.305 | O43: 1.031 | P43: 1.112 | Q43: 1.02 | R43: =IFERROR(AVERAGE(F43:Q43), 0) -> 0.53791667 | S43: 7 | T43: MAR_2
B44: NO3-N (mg/L) | C44: 3 | D44: Expressway Bridge | E44: Patubig, Marilao, Bulacan | F44: 0.087 | G44: 0.844 | H44: 0.34 | I44: 0.389 | J44: 1.233 | K44: 0.255 | L44: 0.043 | M44: 0.091 | N44: 0.112 | O44: 1.394 | P44: 0.818 | Q44: 0.172 | R44: =IFERROR(AVERAGE(F44:Q44), 0) -> 0.4815 | S44: 7 | T44: MAR_3
B45: NO3-N (mg/L) | C45: 4 | D45: Mc Arthur Bridge | E45: Tabing Ilog, Marilao, Bulacan | F45: 0.368 | G45: 0.259 | H45: 0.571 | I45: 0.397 | J45: 0.674 | K45: 0.1 | L45: 0.128 | M45: 0.08 | N45: 0.163 | O45: 1.253 | P45: 0.927 | Q45: 0.124 | R45: =IFERROR(AVERAGE(F45:Q45), 0) -> 0.42033333 | S45: 7 | T45: MAR_4
B46: NO3-N (mg/L) | C46: 5 | D46: Ibayo Bridge | E46: Ibayo, Marilao, Bulacan | F46: 0.195 | G46: 0.354 | H46: 0.263 | I46: 0.459 | J46: 0.728 | K46: 0.109 | L46: 0.258 | M46: 0.217 | N46: 0.116 | O46: 1.43 | P46: 0.285 | Q46: 0.078 | R46: =IFERROR(AVERAGE(F46:Q46), 0) -> 0.37433333 | S46: 7 | T46: MAR_5
B47: PO4-P (mg/L) | C47: 1 | D47: Marilao-Caloocan Bridge | E47: Loma De Gato, Marilao, Bulacan | F47: 0.292 | G47: 1.351 | H47: 1.189 | I47: 0.936 | J47: 1.121 | K47: 1.096 | L47: 0.983 | M47: 0.728 | N47: 0.609 | O47: 0.411 | P47: 0.438 | Q47: 0.737 | R47: =IFERROR(AVERAGE(F47:Q47), 0) -> 0.82425 | S47: 0.025 | T47: MAR_1
B48: PO4-P (mg/L) | C48: 2 | D48: Prenza Dam | E48: Prenza II, Marilao, Bulacan | F48: 0.376 | G48: 1.462 | H48: 1.082 | I48: 1.31 | J48: 0.141 | K48: 0.951 | L48: 0.927 | M48: 0.718 | N48: 0.591 | O48: 0.422 | P48: 0.421 | Q48: 0.733 | R48: =IFERROR(AVERAGE(F48:Q48), 0) -> 0.76116667 | S48: 0.025 | T48: MAR_2
B49: PO4-P (mg/L) | C49: 3 | D49: Expressway Bridge | E49: Patubig, Marilao, Bulacan | F49: 0.373 | G49: 1.617 | H49: 1.391 | I49: 1.133 | J49: 1.233 | K49: 1.452 | L49: 1.315 | M49: 0.633 | N49: 1.849 | O49: 0.43 | P49: 0.555 | Q49: 0.956 | R49: =IFERROR(AVERAGE(F49:Q49), 0) -> 1.0780833 | S49: 0.025 | T49: MAR_3
B50: PO4-P (mg/L) | C50: 4 | D50: Mc Arthur Bridge | E50: Tabing Ilog, Marilao, Bulacan | F50: 0.382 | G50: 1.554 | H50: 0.369 | I50: 1.191 | J50: 0.674 | K50: 1.357 | L50: 1.313 | M50: 0.592 | N50: 0.83 | O50: 0.408 | P50: 0.594 | Q50: 1.01 | R50: =IFERROR(AVERAGE(F50:Q50), 0) -> 0.85616667 | S50: 0.025 | T50: MAR_4
B51: PO4-P (mg/L) | C51: 5 | D51: Ibayo Bridge | E51: Ibayo, Marilao, Bulacan | F51: 0.1 | G51: 1.66 | H51: 1.465 | I51: 1.067 | J51: 0.728 | K51: 1.233 | L51: 1.276 | M51: 0.399 | N51: 1.181 | O51: 0.411 | P51: 0.509 | Q51: 0.942 | R51: =IFERROR(AVERAGE(F51:Q51), 0) -> 0.91425 | S51: 0.025 | T51: MAR_5
B52: Cl- (mg/L) | C52: 1 | D52: Marilao-Caloocan Bridge | E52: Loma De Gato, Marilao, Bulacan | F52: 49 | G52: 62 | H52: 45 | I52: 353 | J52: 117 | K52: 114 | L52: 35 | M52: 30 | N52: 16 | O52: 22 | P52: 15 | Q52: 25 | R52: =IFERROR(AVERAGE(F52:Q52), 0) -> 73.583333 | S52: 350 | T52: MAR_1
B53: Cl- (mg/L) | C53: 2 | D53: Prenza Dam | E53: Prenza II, Marilao, Bulacan | F53: 49 | G53: 52 | H53: 5348 | I53: 343 | J53: 132 | K53: 87 | L53: 32 | M53: 30 | N53: 16 | O53: 23 | P53: 18 | Q53: 42 | R53: =IFERROR(AVERAGE(F53:Q53), 0) -> 514.33333 | S53: 350 | T53: MAR_2
... B56: Cl- (mg/L) | C56: 5 | D56: Ibayo Bridge | E56: Ibayo, Marilao, Bulacan | F56: 189 | G56: 375 | H56: 1300 | I56: 336 | J56: 110 | K56: 219 | L56: 93 | M56: 40 | N56: 37 | O56: 26 | P56: 32 | Q56: 49 | R56: =IFERROR(AVERAGE(F56:Q56), 0) -> 233.83333 | S56: 350 | T56: MAR_5
B57: Oil & Grease | C57: 1 | D57: Marilao-Caloocan Bridge | E57: Loma De Gato, Marilao, Bulacan | F57: - | G57: 2.3 | H57: - | I57: 7.4 | J57: - | K57: - | L57: - | M57: - | N57: 1.9 | O57: - | P57: 0.8 | Q57: - | R57: =IFERROR(AVERAGE(F57:Q57), 0) -> 3.1 | S57: 3 | T57: MAR_1
B58: Cl- (mg/L) | C58: 2 | D58: Prenza Dam | E58: Prenza II, Marilao, Bulacan | F58: - | G58: 2.9 | H58: - | I58: 4.2 | J58: - | K58: - | L58: - | M58: - | N58: 2 | O58: - | P58: 1.2 | Q58: - | R58: =IFERROR(AVERAGE(F58:Q58), 0) -> 2.575 | S58: 3 | T58: MAR_2
B59: Cl- (mg/L) | C59: 3 | D59: Expressway Bridge | E59: Patubig, Marilao, Bulacan | F59: - | G59: 5.1 | H59: - | I59: 3.9 | J59: - | K59: - | L59: - | M59: - | N59: 1.7 | O59: - | P59: 0.8 | Q59: - | R59: =IFERROR(AVERAGE(F59:Q59), 0) -> 2.875 | S59: 3 | T59: MAR_3
B60: Cl- (mg/L) | C60: 4 | D60: Mc Arthur Bridge | E60: Tabing Ilog, Marilao, Bulacan | F60: - | G60: 1.1 | H60: - | I60: 9.1 | J60: - | K60: - | L60: - | M60: - | N60: 1.7 | O60: - | P60: 0.8 | Q60: - | R60: =IFERROR(AVERAGE(F60:Q60), 0) -> 3.175 | S60: 3 | T60: MAR_4
B61: Cl- (mg/L) | C61: 5 | D61: Ibayo Bridge | E61: Ibayo, Marilao, Bulacan | F61: - | G61: 1.8 | H61: - | I61: 11.1 | J61: - | K61: - | L61: - | M61: - | N61: 0.8 | O61: - | P61: 1.5 | Q61: - | R61: =IFERROR(AVERAGE(F61:Q61), 0) -> 3.8 | S61: 3 | T61: MAR_5
B62: Observation | C62: 1 | D62: Marilao-Caloocan Bridge | E62: Loma De Gato, Marilao, Bulacan | F62: Near subdivision/ residential area, presence of few solid waste floating | G62: Presence of floating debris and near residential area | H62: Subdivision area, presence of floating solid waste | I62: Subdivision area, volume of solid waste on river bank | J62: Presence of few solid waste, near residential and market area | K62: Presence of few solid waste | L62: residential area, adjacent to market, presence of solid waste materials such as food wrapper, plastics, woods and leaves | M62: presence of solid wastes on river bank | N62: presence of few floating solid waste, visible solid waste on riverbank | O62: turbid water, presence of few solid waste, residential area | P62: visible of solid waste on river bank, residential area | Q62: water discharge from drainage canal/ presence of solid waste | T62: MAR_1
C63: 2 | D63: Prenza Dam | E63: Prenza II, Marilao, Bulacan | F63: Mixed land, presence of few floating solid waste | G63: Presence of floating debris, Near Dam | H63: Residential area, presence of few floating of solid waste. | I63: Mixed land, few solid waste afloat | J63: Presence of few solid waste | K63: Mixed land, presence of few floating of solid waste, on-going rehabilitation of dam | L63: presence of solid few solid waste | M63: few floating of solid waste | N63: presence of few floating solid waste, visible of heavy equipment | O63: turbid water, visible of fishing boat, presence of few solid waste, | P63: visible of heavy equipment, presence of few solid waste | Q63: Visible solid wastes/ residential area | T63: MAR_2
C64: 3 | D64: Expressway Bridge | E64: Patubig, Marilao, Bulacan | F64: Mixed land, presence of few floating solid waste, on-going construction of bridge nesar the station | G64: Near national highway, presence of floating debris | H64: Residential area, presence of few floating of solid waste. | I64: Mixed land, few solid waste afloat | J64: Presence of few solid waste | K64: Mixed land, presence of few floating of solid waste, near dressing plant | L64: adjacent to residential area, minimal solid waste observed | M64: floating of solid waste, boat visible near the station | N64: presence of few floating solid waste, no usual activity | O64: turbid water, presence of few solid waste | P64: near dressing plant, presence of few solid waste | Q64: Visible oil sheen/presence of solid wastes | T64: MAR_3
C65: 4 | D65: Mc Arthur Bridge | E65: Tabing Ilog, Marilao, Bulacan | F65: Near public market, residential area, presence of few solid waste | G65: Presence of floating debris, trash trap and near national road | H65: Residential area, presence of vol. of solid waste trapped by trash trap | I65: Residential area, near Public market, presence of few floating solid waste | J65: near public market, few solid waste afloat | K65: Near Public market, residential area, presence of few floating of solid wastes | L65: adjacent to public market, solid waste scattered along the river | M65: few floating of solid waste, residential area, sighting of fishing boat near the station | N65: presence of few floating solid waste, visible of fishing boat and heavy equipment | O65: turbid water, presence of few solid waste | P65: visiblr of fishing boat, near public market, residential area, presence of few solid waste and hyacint | Q65: presence of few solid wastes/ near residential and commercial areas. | T65: MAR_4
C66: 5 | D66: Ibayo Bridge | E66: Ibayo, Marilao, Bulacan | F66: Densely populated area, presence of few floating solid waste | G66: Floating debris present, near residential area | H66: Residential area, presence of few floating of solid waste. | I66: Residential area, few floating of solid waste | J66: Presence of few solid waste, near residential and market area | K66: Residential area, presence of few floating of solid wastes | L66: along NLEX, minimal solid waste | M66: few floating of solid waste, residential area | N66: presence of volume of solid waste/residual waste | O66: turbid water, presence of few solid waste | P66: presence of few solid waste, on going pumping of water, residential area | Q66: Ongoing retrieval of solid wastes/ near residential areas/ visible oil sheen | T66: MAR_5
D67: Date | F67: 8 | G67: 28 | H67: 7 | I67: 10 | J67: 16 | K67: 16 | L67: 16 | M67: 13 | N67: 3 | O67: 10 | P67: 12
D75: * May 2025 sampling resulted in similar fecal coliform levels in 4 stations, which may have stemmed from the low flow rate induced by the dry season. This caused the low dilution of the waterbody and may have increased the concentration of pollutants in those stations. Due to the similar conditions of the abovementioned stations as per the field observations, the probability of the similarity in fecal coliform levels in these stations have increased. | E75: ANALYSIS:
E76: The 2025 water quality monitoring of Marilao River, Class C, covering five stations, indicates that the river is heavily polluted and not fully compliant with water quality standards. Dissolved oxygen (DO) levels were consistently below the 5 mg/L standard, with the lowest recorded at 0.10 mg/L and averages ranging from 2.11 to 3.84 mg/L, suggesting poor aeration and potential stress to aquatic organisms. Biological oxygen demand (BOD) was elevated across all stations, averaging 17.9 to 26.1 mg/L, indicating significant organic pollution from domestic and commercial sources. Total suspended solids (TSS) remained below the 80 mg/L limit but fluctuated between 27.17 to 31.17 mg/L, reflecting sedimentation, runoff, and construction influences. pH values ranged from 6.98 to 7.80, within the Class C acceptable range of 6.5–9.0, while water temperatures varied from 26.7°C to 33.9°C, generally within standard limits. Nutrient levels showed phosphate (PO4-P) consistently exceeding the allowable 0.025 mg/L, while nitrate (NO3-N) remained variable but within Class C limits, indicating potential eutrophication risks. Chloride and oil & grease concentrations were generally within WQG limits, though occasional spikes were observed. Fecal coliform counts were extremely high, with the highest recorded at 160,000,000 MPN/100 mL, far exceeding the 200 MPN/100 mL guideline, indicating severe bacterial contamination likely from untreated sewage and market wastes. Field observations consistently reported floating solid waste, debris, and proximity to residential and commercial areas, highlighting significant anthropogenic pressures. Overall, the Marilao River exhibits high organic and microbial pollution, poor oxygenation, and nutrient enrichment, posing serious environmental and public health concerns.

Sheet MEYCAUAYAN RIVER
C1: SUMMARY REPORT OF WATER QUALITY MONITORING DATA
C2: SUBMITTED BY THE REGIONAL OFFICES
C3: CY 2025
C4: MEYCAUAYAN RIVER
C5: CLASS C ( 5 STATIONS )
A6: Region | B6: Parameter | C6: Stn. No. | D6: Stn. ID | E6: Address | F6: January | G6: February | H6: March | I6: April | J6: May | K6: June | L6: July | M6: August | N6: September | O6: October | P6: November | Q6: December | R6: Average/Geomean | S6: WQG | T6: Code
A7: III | B7: DO (mg/L) | C7: 1 | D7: Perez Bridge | E7: Pantoc, Meycauayan, Bulacan | F7: 0.1 | G7: 1.03 | H7: 1.05 | I7: 2.39 | J7: 3.21 | K7: 3.99 | L7: 4.25 | M7: 4.1 | N7: 4.01 | O7: 3.05 | P7: 3.9 | Q7: 3.202 | R7: =IFERROR(AVERAGE(F7:Q7), 0) -> 2.8568333 | S7: 5 | T7: MEY_1
B8: DO (mg/L) | C8: 2 | D8: Expressway Bridge | E8: Lawa, Meycauayan, Bulacan | F8: 0.1 | G8: 0.9 | H8: 1.01 | I8: 1.32 | J8: 1.15 | K8: 3.12 | L8: 4.09 | M8: 3.01 | N8: 0.8 | O8: 3.08 | P8: 2.7 | Q8: 2.99 | R8: =IFERROR(AVERAGE(F8:Q8), 0) -> 2.0225 | S8: 5 | T8: MEY_2
B9: DO (mg/L) | C9: 3 | D9: Viente Reales Bridge | E9: Viente Reales, Valenzuela, Metro Manila | F9: 0.1 | G9: 1.02 | H9: 2.3 | I9: 1.71 | J9: 3.05 | K9: 3.11 | L9: 4.15 | M9: 3.9 | N9: 0.5 | O9: 3.81 | P9: 4.95 | Q9: 4.53 | R9: =IFERROR(AVERAGE(F9:Q9), 0) -> 2.7608333 | S9: 5 | T9: MEY_3
B10: DO (mg/L) | C10: 4 | D10: McArthur Highway | E10: Calvario, Meycauayan, Bulacan | F10: 0.1 | G10: 1 | H10: 0.68 | I10: 1.09 | J10: 1.69 | K10: 2.28 | L10: 3.61 | M10: 2.93 | N10: 0.9 | O10: 2.85 | P10: 2.6 | Q10: 2.11 | R10: =IFERROR(AVERAGE(F10:Q10), 0) -> 1.82 | S10: 5 | T10: MEY_4
B11: DO (mg/L) | C11: 5 | D11: Meymart Bridge | E11: Poblacion, Meycauayan, Bulacan | F11: 0.1 | G11: 0.89 | H11: 0.67 | I11: 1.11 | J11: 1.71 | K11: 2.18 | L11: 3.59 | M11: 2.91 | N11: 1.01 | O11: 4.05 | P11: 2.99 | Q11: 4.65 | R11: =IFERROR(AVERAGE(F11:Q11), 0) -> 2.155 | S11: 5 | T11: MEY_5
B12: BOD (mg/L) | C12: 1 | D12: Perez Bridge | E12: Pantoc, Meycauayan, Bulacan | F12: 33 | G12: 35 | H12: 44 | I12: 28 | J12: 34 | K12: 15 | L12: 11 | M12: 13 | N12: 29 | O12: 27 | P12: 28 | Q12: 31 | R12: =IFERROR(AVERAGE(F12:Q12), 0) -> 27.333333 | S12: 7 | T12: MEY_1
B13: BOD (mg/L) | C13: 2 | D13: Expressway Bridge | E13: Lawa, Meycauayan, Bulacan | F13: 96 | G13: 96 | H13: 108 | I13: 86 | J13: 112 | K13: 61 | L13: 9 | M13: 20 | N13: 33 | O13: 56 | P13: 25 | Q13: 118 | R13: =IFERROR(AVERAGE(F13:Q13), 0) -> 68.333333 | S13: 7 | T13: MEY_2
B14: BOD (mg/L) | C14: 3 | D14: Viente Reales Bridge | E14: Viente Reales, Valenzuela, Metro Manila | F14: 85 | G14: 86 | H14: 41 | I14: 184 | J14: 14 | K14: 47 | L14: 17 | M14: 17 | N14: 31 | O14: 7 | P14: 18 | Q14: 73 | R14: =IFERROR(AVERAGE(F14:Q14), 0) -> 51.666667 | S14: 7 | T14: MEY_3
B15: BOD (mg/L) | C15: 4 | D15: McArthur Highway | E15: Calvario, Meycauayan, Bulacan | F15: 75 | G15: 58 | H15: 72 | I15: 59 | J15: 19 | K15: 18 | L15: 9 | M15: 10 | N15: 19 | O15: 44 | P15: 102 | Q15: 119 | R15: =IFERROR(AVERAGE(F15:Q15), 0) -> 50.333333 | S15: 7 | T15: MEY_4
B16: BOD (mg/L) | C16: 5 | D16: Meymart Bridge | E16: Poblacion, Meycauayan, Bulacan | F16: 45 | G16: 48 | H16: 54 | I16: 39 | J16: 23 | K16: 31 | L16: 13 | M16: 27 | N16: 28 | O16: 63 | P16: 19 | Q16: 97 | R16: =IFERROR(AVERAGE(F16:Q16), 0) -> 40.583333 | S16: 7 | T16: MEY_5
B17: TSS (mg/L) | C17: 1 | D17: Perez Bridge | E17: Pantoc, Meycauayan, Bulacan | F17: 13 | G17: 12 | H17: 24 | I17: 13 | J17: 70 | K17: 37 | L17: 18 | M17: 29 | N17: 29 | O17: 26 | P17: 39 | Q17: 54 | R17: =IFERROR(AVERAGE(F17:Q17), 0) -> 30.333333 | S17: 80 | T17: MEY_1
B18: TSS (mg/L) | C18: 2 | D18: Expressway Bridge | E18: Lawa, Meycauayan, Bulacan | F18: 35 | G18: 100 | H18: 42 | I18: 18 | J18: 60 | K18: 51 | L18: 16 | M18: 31 | N18: 31 | O18: 25 | P18: 37 | Q18: 59 | R18: =IFERROR(AVERAGE(F18:Q18), 0) -> 42.083333 | S18: 80 | T18: MEY_2
B19: TSS (mg/L) | C19: 3 | D19: Viente Reales Bridge | E19: Viente Reales, Valenzuela, Metro Manila | F19: 21 | G19: 30 | H19: 25 | I19: 62 | J19: 37 | K19: 57 | L19: 29 | M19: 36 | N19: 44 | O19: 32 | P19: 44 | Q19: 46 | R19: =IFERROR(AVERAGE(F19:Q19), 0) -> 38.583333 | S19: 80 | T19: MEY_3
... B21: TSS (mg/L) | C21: 5 | D21: Meymart Bridge | E21: Poblacion, Meycauayan, Bulacan | F21: 30 | G21: 17 | H21: 36 | I21: 30 | J21: 63 | K21: 48 | L21: 32 | M21: 27 | N21: 43 | O21: 26 | P21: 41 | Q21: 36 | R21: =IFERROR(AVERAGE(F21:Q21), 0) -> 35.75 | S21: 80 | T21: MEY_5
B22: pH | C22: 1 | D22: Perez Bridge | E22: Pantoc, Meycauayan, Bulacan | F22: 7.1 | G22: 7.05 | H22: 7.1 | I22: 6.96 | J22: 7.01 | K22: 7.1 | L22: 7.11 | M22: 7.55 | N22: 7.93 | O22: 7.15 | P22: 7.31 | Q22: 7.09 | R22: =IFERROR(AVERAGE(F22:Q22), 0) -> 7.205 | S22: 6.5-9.0 | T22: MEY_1
B23: pH | C23: 2 | D23: Expressway Bridge | E23: Lawa, Meycauayan, Bulacan | F23: 6.98 | G23: 6.97 | H23: 6.99 | I23: 7.1 | J23: 6.89 | K23: 7.03 | L23: 7.11 | M23: 7.65 | N23: 7.85 | O23: 7.2 | P23: 7.1 | Q23: 7.13 | R23: =IFERROR(AVERAGE(F23:Q23), 0) -> 7.1666667 | S23: 6.5-9.0 | T23: MEY_2
B24: pH | C24: 3 | D24: Viente Reales Bridge | E24: Viente Reales, Valenzuela, Metro Manila | F24: 7 | G24: 7.03 | H24: 7.01 | I24: 6.85 | J24: 7.05 | K24: 7.1 | L24: 7.13 | M24: 7.58 | N24: 7.91 | O24: 7.27 | P24: 7.21 | Q24: 7.1 | R24: =IFERROR(AVERAGE(F24:Q24), 0) -> 7.1866667 | S24: 6.5-9.0 | T24: MEY_3
B25: pH | C25: 4 | D25: McArthur Highway | E25: Calvario, Meycauayan, Bulacan | F25: 6.9 | G25: 7 | H25: 6.99 | I25: 7.1 | J25: 6.98 | K25: 6.98 | L25: 7.11 | M25: 7.5 | N25: 7.92 | O25: 7.08 | P25: 7.18 | Q25: 7.01 | R25: =IFERROR(AVERAGE(F25:Q25), 0) -> 7.1458333 | S25: 6.5-9.0 | T25: MEY_4
B26: pH | C26: 5 | D26: Meymart Bridge | E26: Poblacion, Meycauayan, Bulacan | F26: 6.95 | G26: 6.98 | H26: 6.98 | I26: 6.96 | J26: 6.93 | K26: 6.93 | L26: 7.03 | M26: 7.59 | N26: 7.67 | O26: 7.38 | P26: 7.13 | Q26: 7.28 | R26: =IFERROR(AVERAGE(F26:Q26), 0) -> 7.1508333 | S26: 6.5-9.0 | T26: MEY_5
B27: Temp. (°C) | C27: 1 | D27: Perez Bridge | E27: Pantoc, Meycauayan, Bulacan | F27: 27.1 | G27: 26.1 | H27: 28.1 | I27: 30 | J27: 29.1 | K27: 28 | L27: 26.5 | M27: 28.8 | N27: 28.4 | O27: 26.2 | P27: 30 | Q27: 27.1 | R27: =IFERROR(AVERAGE(F27:Q27), 0) -> 27.95 | S27: 25-31 | T27: MEY_1
B28: Temp. (°C) | C28: 2 | D28: Expressway Bridge | E28: Lawa, Meycauayan, Bulacan | F28: 27 | G28: 25.9 | H28: 27.5 | I28: 29.9 | J28: 29 | K28: 27.8 | L28: 26.5 | M28: 28.8 | N28: 28.4 | O28: 26.2 | P28: 29.9 | Q28: 27.1 | R28: =IFERROR(AVERAGE(F28:Q28), 0) -> 27.833333 | S28: 25-31 | T28: MEY_2
B29: Temp. (°C) | C29: 3 | D29: Viente Reales Bridge | E29: Viente Reales, Valenzuela, Metro Manila | F29: 27.1 | G29: 26.1 | H29: 27.5 | I29: 29.9 | J29: 29.8 | K29: 27.8 | L29: 26.5 | M29: 28.8 | N29: 28 | O29: 26.8 | P29: 29.8 | Q29: 27 | R29: =IFERROR(AVERAGE(F29:Q29), 0) -> 27.925 | S29: 25-31 | T29: MEY_3
B30: Temp. (°C) | C30: 4 | D30: McArthur Highway | E30: Calvario, Meycauayan, Bulacan | F30: 27.1 | G30: 26 | H30: 27.3 | I30: 30.8 | J30: 29.1 | K30: 27.4 | L30: 26.8 | M30: 30.1 | N30: 27.9 | O30: 26.7 | P30: 29.8 | Q30: 27.1 | R30: =IFERROR(AVERAGE(F30:Q30), 0) -> 28.008333 | S30: 25-31 | T30: MEY_4
B31: Temp. (°C) | C31: 5 | D31: Meymart Bridge | E31: Poblacion, Meycauayan, Bulacan | F31: 27 | G31: 25.9 | H31: 27.1 | I31: 30.9 | J31: 29.1 | K31: 27.4 | L31: 26.8 | M31: 31 | N31: 27.5 | O31: 26.7 | P31: 29.8 | Q31: 27.1 | R31: =IFERROR(AVERAGE(F31:Q31), 0) -> 28.025 | S31: 25-31 | T31: MEY_5
B32: Color (TCU) | C32: 1 | D32: Perez Bridge | E32: Pantoc, Meycauayan, Bulacan | F32: 50 | G32: 30 | H32: 40 | I32: 30 | J32: 35 | K32: 20 | L32: 10 | M32: 20 | N32: 20 | O32: 25 | P32: 20 | Q32: 20 | R32: =IFERROR(AVERAGE(F32:Q32), 0) -> 26.666667 | S32: 75 | T32: MEY_1
B33: Color (TCU) | C33: 2 | D33: Expressway Bridge | E33: Lawa, Meycauayan, Bulacan | F33: 50 | G33: 25 | H33: 30 | I33: 30 | J33: 50 | K33: 35 | L33: 20 | M33: 20 | N33: 15 | O33: 35 | P33: 30 | Q33: 40 | R33: =IFERROR(AVERAGE(F33:Q33), 0) -> 31.666667 | S33: 75 | T33: MEY_2
B34: Color (TCU) | C34: 3 | D34: Viente Reales Bridge | E34: Viente Reales, Valenzuela, Metro Manila | F34: 25 | G34: 25 | H34: 10 | I34: 30 | J34: 10 | K34: 20 | L34: 10 | M34: 10 | N34: 15 | O34: 5 | P34: 5 | Q34: 10 | R34: =IFERROR(AVERAGE(F34:Q34), 0) -> 14.583333 | S34: 75 | T34: MEY_3
B35: Color (TCU) | C35: 4 | D35: McArthur Highway | E35: Calvario, Meycauayan, Bulacan | F35: 50 | G35: 50 | H35: 30 | I35: 25 | J35: 20 | K35: 15 | L35: 15 | M35: 20 | N35: 15 | O35: 30 | P35: 40 | Q35: 30 | R35: =IFERROR(AVERAGE(F35:Q35), 0) -> 28.333333 | S35: 75 | T35: MEY_4
B36: Color (TCU) | C36: 5 | D36: Meymart Bridge | E36: Poblacion, Meycauayan, Bulacan | F36: 50 | G36: 50 | H36: 30 | I36: 25 | J36: 20 | K36: 15 | L36: 15 | M36: 20 | N36: 20 | O36: 20 | P36: 40 | Q36: 40 | R36: =IFERROR(AVERAGE(F36:Q36), 0) -> 28.75 | S36: 75 | T36: MEY_5
B37: Fecal Coliform (MPN/100mL) | C37: 1 | D37: Perez Bridge | E37: Pantoc, Meycauayan, Bulacan | F37: 7900000 | G37: 9200000 | H37: 16000000 | I37: 17000000 | J37: 920000000 | K37: 460000 | L37: 1100000 | M37: 9200000 | N37: 1300000 | O37: 35000000 | P37: 11000000 | Q37: 3500000 | R37: =IFERROR(GEOMEAN(F37:Q37), 0) -> 8529662.4 | S37: 200 | T37: MEY_1
B38: Fecal Coliform (MPN/100mL) | C38: 2 | D38: Expressway Bridge | E38: Lawa, Meycauayan, Bulacan | F38: 13000000 | G38: 54000000 | H38: 5400000 | I38: 11000000 | J38: 490000 | K38: 1700000 | L38: 3500000 | M38: 5400000 | N38: 16000000 | O38: 16000000 | P38: 1700000 | Q38: 16000000 | R38: =IFERROR(GEOMEAN(F38:Q38), 0) -> 6382682.9 | S38: 200 | T38: MEY_2
B39: Fecal Coliform (MPN/100mL) | C39: 3 | D39: Viente Reales Bridge | E39: Viente Reales, Valenzuela, Metro Manila | F39: 3300000 | G39: 54000000 | H39: 35000000 | I39: 35000000 | J39: 5400000 | K39: 9200000 | L39: 3500000 | M39: 1300000 | N39: 230000 | O39: 1700000 | P39: 3500000 | Q39: 16000000 | R39: =IFERROR(GEOMEAN(F39:Q39), 0) -> 5659787.6 | S39: 200 | T39: MEY_3
B40: Fecal Coliform (MPN/100mL) | C40: 4 | D40: McArthur Highway | E40: Calvario, Meycauayan, Bulacan | F40: 11000000 | G40: 9200000 | H40: 5400000 | I40: 3500000 | J40: 940000 | K40: 490000 | L40: 790000 | M40: 3500000 | N40: 1700000 | O40: 2500000 | P40: 9200000 | Q40: 2400000 | R40: =IFERROR(GEOMEAN(F40:Q40), 0) -> 2796323.7 | S40: 200 | T40: MEY_4
B41: Fecal Coliform (MPN/100mL) | C41: 5 | D41: Meymart Bridge | E41: Poblacion, Meycauayan, Bulacan | F41: 4600000 | G41: 35000000 | H41: 3500000 | I41: 490000 | J41: 230000 | K41: 3300000 | L41: 1100000 | M41: 1200000 | N41: 11000000 | O41: 5400000 | P41: 3500000 | Q41: 2400000 | R41: =IFERROR(GEOMEAN(F41:Q41), 0) -> 2681210.8 | S41: 200 | T41: MEY_5 | U41: =GEOMEAN(F37:Q41) -> 4706854
B42: NO3-N (mg/L) | C42: 1 | D42: Perez Bridge | E42: Pantoc, Meycauayan, Bulacan | F42: 0.171 | G42: 0.561 | H42: 0.794 | I42: 0.616 | J42: 0.151 | K42: 0.143 | L42: 0.228 | M42: 0.141 | N42: 0.06 | O42: 0.149 | P42: 0.155 | Q42: 0.096 | R42: =IFERROR(AVERAGE(F42:Q42), 0) -> 0.27208333 | S42: 7 | T42: MEY_1
B43: NO3-N (mg/L) | C43: 2 | D43: Expressway Bridge | E43: Lawa, Meycauayan, Bulacan | F43: 0.547 | G43: 0.401 | H43: 0.58 | I43: 0.682 | J43: 0.422 | K43: 0.35 | L43: 1.952 | M43: 0.045 | N43: 0.19 | O43: 0.205 | P43: 0.063 | Q43: 0.11 | R43: =IFERROR(AVERAGE(F43:Q43), 0) -> 0.46225 | S43: 7 | T43: MEY_2
B44: NO3-N (mg/L) | C44: 3 | D44: Viente Reales Bridge | E44: Viente Reales, Valenzuela, Metro Manila | F44: 0.236 | G44: 0.688 | H44: 0.854 | I44: 0.929 | J44: 0.185 | K44: 0.073 | L44: 0.178 | M44: 0.05 | N44: 0.14 | O44: 0.177 | P44: 0.043 | Q44: 0.094 | R44: =IFERROR(AVERAGE(F44:Q44), 0) -> 0.30391667 | S44: 7 | T44: MEY_3
B45: NO3-N (mg/L) | C45: 4 | D45: McArthur Highway | E45: Calvario, Meycauayan, Bulacan | F45: 0.758 | G45: 1.574 | H45: 0.571 | I45: 0.571 | J45: 0.318 | K45: 0.167 | L45: 1.331 | M45: 0.962 | N45: 0.82 | O45: 0.183 | P45: 0.069 | Q45: 0.124 | R45: =IFERROR(AVERAGE(F45:Q45), 0) -> 0.62066667 | S45: 7 | T45: MEY_4
B46: NO3-N (mg/L) | C46: 5 | D46: Meymart Bridge | E46: Poblacion, Meycauayan, Bulacan | F46: 0.997 | G46: 0.867 | H46: 0.503 | I46: 0.661 | J46: 0.203 | K46: 1.949 | L46: 1.227 | M46: 0.071 | N46: 0.16 | O46: 0.203 | P46: 0.199 | Q46: 0.176 | R46: =IFERROR(AVERAGE(F46:Q46), 0) -> 0.60133333 | S46: 7 | T46: MEY_5
B47: PO4-P (mg/L) | C47: 1 | D47: Perez Bridge | E47: Pantoc, Meycauayan, Bulacan | F47: 0.164 | G47: 0.51 | H47: 0.801 | I47: 2.283 | J47: 1.511 | K47: 0.362 | L47: 0.371 | M47: 1.02 | N47: 0.502 | O47: 1.658 | P47: 0.091 | Q47: 1.626 | R47: =IFERROR(AVERAGE(F47:Q47), 0) -> 0.90825 | S47: 0.025 | T47: MEY_1
B48: PO4-P (mg/L) | C48: 2 | D48: Expressway Bridge | E48: Lawa, Meycauayan, Bulacan | F48: 0.227 | G48: 1.569 | H48: 0.108 | I48: 2.076 | J48: 1.594 | K48: 0.605 | L48: 0.326 | M48: 0.467 | N48: 0.458 | O48: 0.763 | P48: 0.07 | Q48: 1.78 | R48: =IFERROR(AVERAGE(F48:Q48), 0) -> 0.83691667 | S48: 0.025 | T48: MEY_2
B49: PO4-P (mg/L) | C49: 3 | D49: Viente Reales Bridge | E49: Viente Reales, Valenzuela, Metro Manila | F49: 0.183 | G49: 0.411 | H49: 0.182 | I49: 2.052 | J49: 0.26 | K49: 0.514 | L49: 0.231 | M49: 0.416 | N49: 0.533 | O49: 0.294 | P49: 0.123 | Q49: 0.35 | R49: =IFERROR(AVERAGE(F49:Q49), 0) -> 0.46241667 | S49: 0.025 | T49: MEY_3
B50: PO4-P (mg/L) | C50: 4 | D50: McArthur Highway | E50: Calvario, Meycauayan, Bulacan | F50: 0.221 | G50: 1.919 | H50: 0.108 | I50: 1.613 | J50: 6.98 | K50: 0.358 | L50: 0.362 | M50: 0.432 | N50: 0.432 | O50: 0.559 | P50: 0.878 | Q50: 1.695 | R50: =IFERROR(AVERAGE(F50:Q50), 0) -> 1.2964167 | S50: 0.025 | T50: MEY_4
B51: PO4-P (mg/L) | C51: 5 | D51: Meymart Bridge | E51: Poblacion, Meycauayan, Bulacan | F51: 0.461 | G51: 1.633 | H51: 0.801 | I51: 1.642 | J51: 1.482 | K51: 0.433 | L51: 0.315 | M51: 0.562 | N51: 0.494 | O51: 0.643 | P51: 0.633 | Q51: 1.51 | R51: =IFERROR(AVERAGE(F51:Q51), 0) -> 0.88408333 | S51: 0.025 | T51: MEY_5 | U51: =AVERAGE(F47:Q51) -> 0.87761667
B52: Cl- (mg/L) | C52: 1 | D52: Perez Bridge | E52: Pantoc, Meycauayan, Bulacan | F52: 74 | G52: 73 | H52: 262 | I52: 260 | J52: 59 | K52: 40 | L52: 10 | M52: 35 | N52: 35 | O52: 53 | P52: 75 | Q52: 24 | R52: =IFERROR(AVERAGE(F52:Q52), 0) -> 83.333333 | S52: 350 | T52: MEY_1
B53: Cl- (mg/L) | C53: 2 | D53: Expressway Bridge | E53: Lawa, Meycauayan, Bulacan | F53: 337 | G53: 120 | H53: 85 | I53: 410 | J53: 79 | K53: 42 | L53: 20 | M53: 27 | N53: 27 | O53: 63 | P53: 85 | Q53: 44 | R53: =IFERROR(AVERAGE(F53:Q53), 0) -> 111.58333 | S53: 350 | T53: MEY_2
B54: Cl- (mg/L) | C54: 3 | D54: Viente Reales Bridge | E54: Viente Reales, Valenzuela, Metro Manila | F54: 312 | G54: 107 | H54: 265 | I54: 387 | J54: 62 | K54: 37 | L54: 10 | M54: 25 | N54: 25 | O54: 26 | P54: 93 | Q54: 4 | R54: =IFERROR(AVERAGE(F54:Q54), 0) -> 112.75 | S54: 350 | T54: MEY_3
B55: Cl- (mg/L) | C55: 4 | D55: McArthur Highway | E55: Calvario, Meycauayan, Bulacan | F55: 178 | G55: 377 | H55: 248 | I55: 207 | J55: 47 | K55: 79 | L55: 15 | M55: 107 | N55: 127 | O55: 123 | P55: 51 | Q55: 15 | R55: =IFERROR(AVERAGE(F55:Q55), 0) -> 131.16667 | S55: 350 | T55: MEY_4
B56: Cl- (mg/L) | C56: 5 | D56: Meymart Bridge | E56: Poblacion, Meycauayan, Bulacan | F56: 74 | G56: 340 | H56: 95 | I56: 227 | J56: 59 | K56: 111 | L56: 15 | M56: 57 | N56: 57 | O56: 140 | P56: 50 | Q56: 25 | R56: =IFERROR(AVERAGE(F56:Q56), 0) -> 104.16667 | S56: 350 | T56: MEY_5 | U56: =AVERAGE(F52:Q56) -> 108.6
B57: Oil & Grease | C57: 1 | D57: Meymart Bridge | E57: Pantoc, Meycauayan, Bulacan | F57: - | G57: - | H57: 7.4 | I57: - | J57: 4.9 | K57: - | L57: 3 | M57: - | N57: - | O57: - | P57: - | Q57: 0.8 | R57: =IFERROR(AVERAGE(F57:Q57), 0) -> 4.025 | S57: 3 | T57: MEY_1
B58: Cl- (mg/L) | C58: 2 | D58: McArthur Highway | E58: Lawa, Meycauayan, Bulacan | F58: - | G58: - | H58: 13.8 | I58: - | J58: 1.3 | K58: - | L58: 2.8 | M58: - | N58: - | O58: - | P58: - | Q58: 1.8 | R58: =IFERROR(AVERAGE(F58:Q58), 0) -> 4.925 | S58: 3 | T58: MEY_2
B59: Cl- (mg/L) | C59: 3 | D59: Viente Reales Bridge | E59: Viente Reales, Valenzuela, Metro Manila | F59: - | G59: - | H59: 4.5 | I59: - | J59: 2 | K59: - | L59: 2.6 | M59: - | N59: - | O59: - | P59: - | Q59: 1 | R59: =IFERROR(AVERAGE(F59:Q59), 0) -> 2.525 | S59: 3 | T59: MEY_3
B60: Cl- (mg/L) | C60: 4 | D60: Expressway Bridge | E60: Calvario, Meycauayan, Bulacan | F60: - | G60: - | H60: 19.8 | I60: - | J60: 1.9 | K60: - | L60: 2 | M60: - | N60: - | O60: - | P60: - | Q60: 1.9 | R60: =IFERROR(AVERAGE(F60:Q60), 0) -> 6.4 | S60: 3 | T60: MEY_4
B61: Cl- (mg/L) | C61: 5 | D61: Perez Bridge | E61: Poblacion, Meycauayan, Bulacan | F61: - | G61: - | H61: 16 | I61: - | J61: 1.5 | K61: - | L61: 3.2 | M61: - | N61: - | O61: - | P61: - | Q61: 1.5 | R61: =IFERROR(AVERAGE(F61:Q61), 0) -> 5.55 | S61: 3 | T61: MEY_5
B62: Observation | C62: 1 | D62: Perez Bridge | E62: Pantoc, Meycauayan, Bulacan | F62: Industrial/ residential area, presence of vol. of solid waste | G62: Industrial/ Residential area, presence of vol. of solid waste | H62: industrial / residential area, few floating of solid waste | I62: industrial/ residential area, volume of solid waste trapped near the station | J62: Industrial/ residential area, presence of few floating of solid waste | K62: Industrial/ residential area, presence of few solid waste and vegetation on riverbank | L62: large volume of water, strong current, presence of solid wastes on riverbank | M62: formation of bubbles, few solid waste, water dishcarge from canal | N62: -presence of few solid waste, industrial or residential aea | O62: presence of few solid waste and rotten hyacinth, near hospital and public market | P62: few solid waste, water discharge from canal | Q62: Presence of solid wastes/ presence of water hyacinth/ near public market/ hospital | T62: MEY_1
B63: Cl- (mg/L) | C63: 2 | D63: Expressway Bridge | E63: Lawa, Meycauayan, Bulacan | F63: idle land/ area, presence of vol. of floating solid waste and styrofoam | G63: mixed , presence vol. of solid waste | H63: mixed land , few floating of solid waste | I63: Idle land/ area, floating of few rotten water lily and solid wastes | J63: mixed land, presence of vol. of solid waste, mainly plastic | K63: Mixed land/ area, presence of few floating of solid waste and water lily | L63: few floating of solid waste, on-going pumping of flood water | M63: floating of algae and few solid waste, discoloration of water | N63: -visible of oil sheen and algae, discoloration of water, presence of few solid waste and hyacinth | O63: presence of volume of hyacinth and solid waste, residential area | P63: visible oil sheen, algae, heavy silted, presence of solid waste | Q63: Presence of solid waste and water hyacinth/ formation of foam in the water observed/ presence of algae/ heavily silted | T63: MEY_2
B64: Cl- (mg/L) | C64: 3 | D64: Viente Reales Bridge | E64: Viente Reales, Valenzuela, Metro Manila | F64: Near gasoline station, industrial/ residential area, presence of few floating solid waste | G64: Residential/ industrial area, near gasoline station and presence of few floating solid waste observed | H64: industrial / commercial area, near gasoline station, few floating of solid waste | I64: commercial/ industrial area, near gas station, few floating of solid waste | J64: Near gasoline station, industrial/residential area, presence of few floating solid waste | K64: Industrial/ residential area, near gasoline station, (kangkong) vegetation along riverbank | L64: presence of oil filom observed during sampling, few floating of algae | M64: sighting of oil-film, floating of algae, near gasoline station | N64: visible of algae and oil sheen, presence of few solid waste, near gas station | O64: visible of few floating algae and oil sheen, discharge water from municipal drainage canal | P64: visible oil sheen, algae, heavy silted, presence of solid waste, presence of few solid waste | Q64: Formation of foam in the water/ heavily silted/ observed discharge from drainage canal | T64: MEY_3
B65: Cl- (mg/L) | C65: 4 | D65: McArthur Highway | E65: Calvario, Meycauayan, Bulacan | F65: Mixed land, presence of few floating solid waste and water lily | G65: mixed land, presence of few floating solid waste | H65: mixed land , few floating of solid waste | I65: Mixed land/ area, few floating of rotten water lily, on-going pumping of wate near the station | J65: Mixed land, presence of few floating of solid wastes and rotten water lily | K65: mixed land/ area, presence of few floating solid waste | L65: vol. of water hyacinth, on-going pumping of flood water | M65: vol. of water hyacinth and few solid waste, floating of algae | N65: presence of volume of hyacinth and few solid waste | O65: visible of oil sheen, presence of solid waste especially plastic, heavy silted | P65: vol. of water lily and solid waste, heavy silted, water discharge at pumping station, visible oil sheen | Q65: Discoloration in the water/presence of algae/ formation of foam in the water observed/ oil sheen observed/ | T65: MEY_4
B66: Cl- (mg/L) | C66: 5 | D66: Meymart Bridge | E66: Poblacion, Meycauayan, Bulacan | F66: Near public market and hospital, presence of few floating solid waste and water lily | G66: Near Hospital, public market & presence of few floating solid waste and water lily observed | H66: Near hospital & public market, residential area, few floating of solid waste and water lily | I66: Near Public market & hospital, residential area, few floating of solid waste | J66: Near Public markiet/ Hospital, presence of few floating solid wastes | K66: Near Hospital, near public market, presence of few floating solid waste | L66: Near Hospital & Public Market, residential area, few floating of water hyacinth | M66: sighting of oil-film, vol. of water hyacinth and few solid waste, near hospital and public market | N66: near hospital and public market, presence of few solid waste | O66: visible of bubbles, residential area, presence of few solid waste | P66: few solid waste and water hyacinth, near public market and hospital, visible oil sheen | Q66: formation of foam in the water/ presence of solid waste/ observed discharge from drainage canal | T66: MEY_5
C67: Date of sampling | F67: 15 | G67: 21 | H67: 12 | I67: 25 | J67: 27 | K67: 19 | L67: 28 | M67: 27 | N67: 17 | O67: 15 | P67: 19
V88: Water Quality Statistical Report
V89: 1st Semi-Annual 2025
AA90: PARAMETERS
V91: Province / Municipality | W91: Waterbody | X91: Class | Y91: No. of Station | Z91: Name of Station | AA91: DO | AB91: BOD | AC91: TSS | AD91: pH | AE91: TEMP | AF91: COLOR | AG91: FECAL COLIFORM | AH91: NITRATES | AI91: PHOSPHATES | AJ91: CHLORIDES
V92: MEYCAUAYAN, BULACAN | W92: MEYCAUAYAN RIVER | X92: C | Y92: 1 | Z92: Meymart Bridge | AA92: =AVERAGE(F7:K7) -> 1.9616667 | AB92: =AVERAGE(F12:K12) -> 31.5 | AC92: =AVERAGE(F17:K17) -> 28.166667 | AD92: =AVERAGE(F22:K22) -> 7.0533333 | AE92: =AVERAGE(F27:K27) -> 28.066667 | AF92: =AVERAGE(F32:K32) -> 34.166667 | AG92: =GEOMEAN(F37:K37) -> 14248033 | AH92: =AVERAGE(F42:K42) -> 0.406 | AI92: =AVERAGE(F47:K47) -> 0.9385 | AJ92: =AVERAGE(F52:K52) -> 128
Y93: 2 | Z93: McArthur Highway | AA93: =AVERAGE(F8:K8) -> 1.2666667 | AB93: =AVERAGE(F13:K13) -> 93.166667 | AC93: =AVERAGE(F18:K18) -> 51 | AD93: =AVERAGE(F23:K23) -> 6.9933333 | AE93: =AVERAGE(F28:K28) -> 27.85 | AF93: =AVERAGE(F33:K33) -> 36.666667 | AG93: =GEOMEAN(F38:K38) -> 5712086.3 | AH93: =AVERAGE(F43:K43) -> 0.497 | AI93: =AVERAGE(F48:K48) -> 1.0298333 | AJ93: =AVERAGE(F53:K53) -> 178.83333
Y94: 3 | Z94: Viente Reales Bridge | AA94: =AVERAGE(F9:K9) -> 1.8816667 | AB94: =AVERAGE(F14:K14) -> 76.166667 | AC94: =AVERAGE(F19:K19) -> 38.666667 | AD94: =AVERAGE(F24:K24) -> 7.0066667 | AE94: =AVERAGE(F29:K29) -> 28.033333 | AF94: =AVERAGE(F34:K34) -> 20 | AG94: =GEOMEAN(F39:K39) -> 14877760 | AH94: =AVERAGE(F44:K44) -> 0.49416667 | AI94: =AVERAGE(F49:K49) -> 0.60033333 | AJ94: =AVERAGE(F54:K54) -> 195
Y95: 4 | Z95: Expressway Bridge | AA95: =AVERAGE(F10:K10) -> 1.14 | AB95: =AVERAGE(F15:K15) -> 50.166667 | AC95: =AVERAGE(F20:K20) -> 71.5 | AD95: =AVERAGE(F25:K25) -> 6.9916667 | AE95: =AVERAGE(F30:K30) -> 27.95 | AF95: =AVERAGE(F35:K35) -> 31.666667 | AG95: =GEOMEAN(F40:K40) -> 3096190.7 | AH95: =AVERAGE(F45:K45) -> 0.65983333 | AI95: =AVERAGE(F50:K50) -> 1.8665 | AJ95: =AVERAGE(F55:K55) -> 189.33333
Y96: 5 | Z96: Perez Bridge | AA96: =AVERAGE(F11:K11) -> 1.11 | AB96: =AVERAGE(F16:K16) -> 40 | AC96: =AVERAGE(F21:K21) -> 37.333333 | AD96: =AVERAGE(F26:K26) -> 6.955 | AE96: =AVERAGE(F31:K31) -> 27.9 | AF96: =AVERAGE(F36:K36) -> 31.666667 | AG96: =GEOMEAN(F41:K41) -> 2437185.7 | AH96: =AVERAGE(F46:K46) -> 0.86333333 | AI96: =AVERAGE(F51:K51) -> 1.0753333 | AJ96: =AVERAGE(F56:K56) -> 151
V98: AVERAGE | AA98: =AVERAGE(AA92:AA96) -> 1.472 | AB98: =AVERAGE(AB92:AB96) -> 58.2 | AC98: =AVERAGE(AC92:AC96) -> 45.333333 | AD98: =AVERAGE(AD92:AD96) -> 7 | AE98: =AVERAGE(AE92:AE96) -> 27.96 | AF98: =AVERAGE(AF92:AF96) -> 30.833333 | AG98: =AVERAGE(AG92:AG96) -> 8074251.3 | AH98: =AVERAGE(AH92:AH96) -> 0.58406667 | ... AJ98: =AVERAGE(AJ92:AJ96) -> 168.43333
V99: MINIMUM | AA99: =MIN(AA92:AA96) -> 1.11 | AB99: =MIN(AB92:AB96) -> 31.5 | AC99: =MIN(AC92:AC96) -> 28.166667 | AD99: =MIN(AD92:AD96) -> 6.955 | AE99: =MIN(AE92:AE96) -> 27.85 | AF99: =MIN(AF92:AF96) -> 20 | AG99: =MIN(AG92:AG96) -> 2437185.7 | AH99: =MIN(AH92:AH96) -> 0.406 | ... AJ99: =MIN(AJ92:AJ96) -> 128
V100: MAXIMUM | AA100: =MAX(AA92:AA96) -> 1.9616667 | AB100: =MAX(AB92:AB96) -> 93.166667 | AC100: =MAX(AC92:AC96) -> 71.5 | AD100: =MAX(AD92:AD96) -> 7.0533333 | AE100: =MAX(AE92:AE96) -> 28.066667 | AF100: =MAX(AF92:AF96) -> 36.666667 | AG100: =MAX(AG92:AG96) -> 14877760 | AH100: =MAX(AH92:AH96) -> 0.86333333 | ... AJ100: =MAX(AJ92:AJ96) -> 195
E101: ANALYSIS: | V101: STANDARD | AA101: 5 mg/L | AB101: 7 mg/L | AC101: 80 mg/L | AD101: 6.5-9.0 | AE101: 25-31 °C | AF101: 75 TCU | AG101: 200 MPN/100 L | AH101: 7 mg/L | AI101: 0.025 mg/L | AJ101: 350 mg/L
E102: The 2025 water quality monitoring of Meycauayan River, Class C, across five stations, reveals severe pollution and widespread noncompliance with water quality standards. Dissolved oxygen (DO) levels were consistently below the 5 mg/L standard, ranging from a lowest of 0.10 mg/L to 4.95 mg/L, indicating poor aeration and high stress on aquatic organisms. Biological oxygen demand (BOD) was significantly elevated, with station averages from 27 to 68 mg/L and peaks up to 184 mg/L, reflecting heavy organic pollution from residential, commercial, and industrial sources. Total suspended solids (TSS) remained below the 80 mg/L limit but fluctuated widely (27 to 236 mg/L), showing sediment and runoff influence. pH values were within the acceptable 6.5–9.0 range (6.85–7.93), while water temperature ranged from 25.9°C to 31°C, mostly within Class C limits. Nutrients were concerning: phosphate (PO4-P) averaged 0.462–0.908 mg/L, far exceeding the 0.025 mg/L limit, and nitrate (NO3-N) was variable (0.096–0.621 mg/L), indicating eutrophication risks. Chloride concentrations were generally within guidelines (24–131 mg/L), and oil & grease were mostly low, though occasional spikes were noted. Fecal coliform counts were extremely high, with the highest at 920,000,000 MPN/100 mL versus the 200 MPN/100 mL guideline, demonstrating severe bacterial contamination from untreated sewage and market waste. Field observations consistently noted floating solid waste, water hyacinth, oil sheen, and proximity to residential, market, and industrial areas, highlighting intense anthropogenic impact. Overall, the river exhibits high organic and microbial pollution, poor oxygenation, nutrient enrichment, and strong human disturbance, posing serious environmental and public health risks.
V104: Water Quality Statistical Report
V105: Annual 2025
AA106: PARAMETERS
V107: Province / Municipality | W107: Waterbody | X107: Class | Y107: No. of Station | Z107: Name of Station | AA107: DO | AB107: BOD | AC107: TSS | AD107: pH | AE107: TEMP | AF107: COLOR | AG107: FECAL COLIFORM | AH107: NITRATES | AI107: PHOSPHATES | AJ107: CHLORIDES
V108: MEYCAUAYAN, BULACAN | W108: MEYCAUAYAN RIVER | X108: C | Y108: 1 | Z108: Meymart Bridge | AA108: =R7 -> 2.8568333 | AB108: =R12 -> 27.333333 | AC108: =R17 -> 30.333333 | AD108: =R22 -> 7.205 | AE108: =R27 -> 27.95 | AF108: =R32 -> 26.666667 | AG108: =R37 -> 8529662.4 | AH108: =R42 -> 0.27208333 | AI108: =R47 -> 0.90825 | AJ108: =R52 -> 83.333333
Y109: 2 | Z109: McArthur Highway | AA109: =R8 -> 2.0225 | AB109: =R13 -> 68.333333 | AC109: =R18 -> 42.083333 | AD109: =R23 -> 7.1666667 | AE109: =R28 -> 27.833333 | AF109: =R33 -> 31.666667 | AG109: =R38 -> 6382682.9 | AH109: =R43 -> 0.46225 | AI109: =R48 -> 0.83691667 | AJ109: =R53 -> 111.58333
Y110: 3 | Z110: Viente Reales Bridge | AA110: =R9 -> 2.7608333 | AB110: =R14 -> 51.666667 | AC110: =R19 -> 38.583333 | AD110: =R24 -> 7.1866667 | AE110: =R29 -> 27.925 | AF110: =R34 -> 14.583333 | AG110: =R39 -> 5659787.6 | AH110: =R44 -> 0.30391667 | AI110: =R49 -> 0.46241667 | AJ110: =R54 -> 112.75
Y111: 4 | Z111: Expressway Bridge | AA111: =R10 -> 1.82 | AB111: =R15 -> 50.333333 | AC111: =R20 -> 53.416667 | AD111: =R25 -> 7.1458333 | AE111: =R30 -> 28.008333 | AF111: =R35 -> 28.333333 | AG111: =R40 -> 2796323.7 | AH111: =R45 -> 0.62066667 | AI111: =R50 -> 1.2964167 | AJ111: =R55 -> 131.16667
Y112: 5 | Z112: Perez Bridge | AA112: =R11 -> 2.155 | AB112: =R16 -> 40.583333 | AC112: =R21 -> 35.75 | AD112: =R26 -> 7.1508333 | AE112: =R31 -> 28.025 | AF112: =R36 -> 28.75 | AG112: =R41 -> 2681210.8 | AH112: =R46 -> 0.60133333 | AI112: =R51 -> 0.88408333 | AJ112: =R56 -> 104.16667
V114: AVERAGE | AA114: =AVERAGE(AA108:AA112) -> 2.3230333 | AB114: =AVERAGE(AB108:AB112) -> 47.65 | AC114: =AVERAGE(AC108:AC112) -> 40.033333 | AD114: =AVERAGE(AD108:AD112) -> 7.171 | AE114: =AVERAGE(AE108:AE112) -> 27.948333 | AF114: =AVERAGE(AF108:AF112) -> 26 | AG114: =AVERAGE(AG108:AG112) -> 5209933.5 | AH114: =AVERAGE(AH108:AH112) -> 0.45205 | ... AJ114: =AVERAGE(AJ108:AJ112) -> 108.6
V115: MINIMUM | AA115: =MIN(AA108:AA112) -> 1.82 | AB115: =MIN(AB108:AB112) -> 27.333333 | AC115: =MIN(AC108:AC112) -> 30.333333 | AD115: =MIN(AD108:AD112) -> 7.1458333 | AE115: =MIN(AE108:AE112) -> 27.833333 | AF115: =MIN(AF108:AF112) -> 14.583333 | AG115: =MIN(AG108:AG112) -> 2681210.8 | AH115: =MIN(AH108:AH112) -> 0.27208333 | ... AJ115: =MIN(AJ108:AJ112) -> 83.333333
V116: MAXIMUM | AA116: =MAX(AA108:AA112) -> 2.8568333 | AB116: =MAX(AB108:AB112) -> 68.333333 | AC116: =MAX(AC108:AC112) -> 53.416667 | AD116: =MAX(AD108:AD112) -> 7.205 | AE116: =MAX(AE108:AE112) -> 28.025 | AF116: =MAX(AF108:AF112) -> 31.666667 | AG116: =MAX(AG108:AG112) -> 8529662.4 | AH116: =MAX(AH108:AH112) -> 0.62066667 | ... AJ116: =MAX(AJ108:AJ112) -> 131.16667
V117: STANDARD | AA117: 5 mg/L | AB117: 7 mg/L | AC117: 80 mg/L | AD117: 6.5-9.0 | AE117: 25-31 °C | AF117: 75 TCU | AG117: 200 MPN/100 L | AH117: 7 mg/L | AI117: 0.025 mg/L | AJ117: 350 mg/L

Sheet OBANDO RIVER
C1: SUMMARY REPORT OF WATER QUALITY MONITORING DATA
C2: SUBMITTED BY THE REGIONAL OFFICES
C3: CY 2025
C4: OBANDO RIVER
C5: CLASS C ( 3 STATIONS )
A6: Region | B6: Parameter | C6: Stn. No. | D6: Stn. ID | E6: Address | F6: January | G6: February | H6: March | I6: April | J6: May | K6: June | L6: July | M6: August | N6: September | O6: October | P6: November | Q6: December | R6: Average/Geomean | S6: WQG | T6: Code
A7: III | B7: DO (mg/L) | C7: 1 | D7: Polo Bridge | E7: Polo, Valenzuela City, Metro Manila | F7: 6.5 | G7: 4.24 | H7: 6 | I7: 5.18 | J7: 5.65 | K7: 5.1 | L7: 5.6 | M7: 4.32 | N7: 5.13 | O7: 4.53 | P7: 2.85 | Q7: 5.01 | R7: =IFERROR(AVERAGE(F7:Q7), 0) -> 5.0091667 | S7: 5 | T7: OBN_1 | X7: Water Quality Statistical Report
B8: DO (mg/L) | C8: 2 | D8: Fishport Near Public Market | E8: Paliwas, Obando, Bulacan | F8: 0.2 | G8: 1.35 | H8: 0.9 | I8: 1.07 | J8: 4.65 | K8: 6 | L8: 2.6 | M8: 3.25 | N8: 3.18 | O8: 3.58 | P8: 3.83 | Q8: 2.61 | R8: =IFERROR(AVERAGE(F8:Q8), 0) -> 2.7683333 | S8: 5 | T8: OBN_2 | X8: 1st Semi-Annual 2025
B9: DO (mg/L) | C9: 3 | D9: Tawiran Bridge | E9: Tawiran, Obando, Bulacan | F9: 1.4 | G9: 1.92 | H9: 2.52 | I9: 3.01 | J9: 4.35 | K9: 5.45 | L9: 4.03 | M9: 5.1 | N9: 4.21 | O9: 5.65 | P9: 4.15 | Q9: 3.53 | R9: =IFERROR(AVERAGE(F9:Q9), 0) -> 3.7766667 | S9: 5 | T9: OBN_3 | AC9: PARAMETERS
B10: BOD (mg/L) | C10: 1 | D10: Polo Bridge | E10: Polo, Valenzuela City, Metro Manila | F10: 13 | G10: 6 | H10: 36 | I10: 19 | J10: 9 | K10: 18 | L10: 13 | M10: 20 | N10: 21 | O10: 5 | P10: 21 | Q10: 14 | R10: =IFERROR(AVERAGE(F10:Q10), 0) -> 16.25 | S10: 7 | T10: OBN_1 | X10: Province / Municipality | Y10: Waterbody | Z10: Class | AA10: No. of Station | AB10: Name of Station | AC10: DO | AD10: BOD | AE10: TSS | AF10: pH | AG10: TEMP | AH10: COLOR | AI10: FECAL COLIFORM | AJ10: NITRATES | AK10: PHOSPHATES | AL10: CHLORIDES
B11: BOD (mg/L) | C11: 2 | D11: Fishport Near Public Market | E11: Paliwas, Obando, Bulacan | F11: 11 | G11: 16 | H11: 22 | I11: 17 | J11: 23 | K11: 16 | L11: 33 | M11: 27 | N11: 92 | O11: 13 | P11: 25 | Q11: 36 | R11: =IFERROR(AVERAGE(F11:Q11), 0) -> 27.583333 | S11: 7 | T11: OBN_2 | X11: OBANDO, BULACAN | Y11: OBANDO RIVER | Z11: C | AA11: 1 | AB11: Tawiran Bridge | AC11: =AVERAGE(F7:K7) -> 5.445 | AD11: =AVERAGE(F10:K10) -> 16.833333 | AE11: =AVERAGE(F13:K13) -> 18.416667 | AF11: =AVERAGE(F16:K16) -> 7.23 | AG11: =AVERAGE(F19:K19) -> 28.578333 | AH11: =AVERAGE(F22:K22) -> 18.333333 | AI11: =GEOMEAN(F25:K25) -> 142747 | AJ11: =AVERAGE(F28:K28) -> 0.59933333 | AK11: =AVERAGE(F31:K31) -> 0.67766667 | AL11: =AVERAGE(F34:K34) -> 155.33333
B12: BOD (mg/L) | C12: 3 | D12: Tawiran Bridge | E12: Tawiran, Obando, Bulacan | F12: 8 | G12: 12 | H12: 6 | I12: 7 | J12: 6 | K12: 20 | L12: 7 | M12: 6 | N12: 8 | O12: 11 | P12: 6 | Q12: 12 | R12: =IFERROR(AVERAGE(F12:Q12), 0) -> 9.0833333 | S12: 7 | T12: OBN_3 | AA12: 2 | AB12: Fishport Near Public Market | AC12: =AVERAGE(F8:K8) -> 2.3616667 | AD12: =AVERAGE(F11:K11) -> 17.5 | AE12: =AVERAGE(F14:K14) -> 47 | AF12: =AVERAGE(F17:K17) -> 7.055 | AG12: =AVERAGE(F20:K20) -> 28.5 | AH12: =AVERAGE(F23:K23) -> 13.333333 | AI12: =GEOMEAN(F26:K26) -> 102963.71 | AJ12: =AVERAGE(F29:K29) -> 0.4925 | AK12: =AVERAGE(F32:K32) -> 0.57916667 | AL12: =AVERAGE(F35:K35) -> 2945.3333
B13: TSS (mg/L) | C13: 1 | D13: Polo Bridge | E13: Polo, Valenzuela City, Metro Manila | F13: 22 | G13: 2.5 | H13: 35 | I13: 13 | J13: 25 | K13: 13 | L13: 49 | M13: 77 | N13: 15 | O13: 26 | P13: 26 | Q13: 42 | R13: =IFERROR(AVERAGE(F13:Q13), 0) -> 28.791667 | S13: 80 | T13: OBN_1 | AA13: 3 | AB13: Polo Bridge | AC13: =AVERAGE(F9:K9) -> 3.1083333 | AD13: =AVERAGE(F12:K12) -> 9.8333333 | AE13: =AVERAGE(F15:K15) -> 48.5 | AF13: =AVERAGE(F18:K18) -> 7.035 | AG13: =AVERAGE(F21:K21) -> 28.516667 | AH13: =AVERAGE(F24:K24) -> 10.833333 | AI13: =GEOMEAN(F27:K27) -> 72670.058 | AJ13: =AVERAGE(F30:K30) -> 0.4735 | AK13: =AVERAGE(F33:K33) -> 0.41883333 | AL13: =AVERAGE(F36:K36) -> 2506.6667
B14: TSS (mg/L) | C14: 2 | D14: Fishport Near Public Market | E14: Paliwas, Obando, Bulacan | F14: 15 | G14: 27 | H14: 47 | I14: 16 | J14: 127 | K14: 50 | L14: 57 | M14: 72 | N14: 19 | O14: 33 | P14: 33 | Q14: 68 | R14: =IFERROR(AVERAGE(F14:Q14), 0) -> 47 | S14: 80 | T14: OBN_2
B15: TSS (mg/L) | C15: 3 | D15: Tawiran Bridge | E15: Tawiran, Obando, Bulacan | F15: 31 | G15: 30 | H15: 89 | I15: 20 | J15: 74 | K15: 47 | L15: 51 | M15: 78 | N15: 16 | O15: 32 | P15: 22 | Q15: 33 | R15: =IFERROR(AVERAGE(F15:Q15), 0) -> 43.583333 | S15: 80 | T15: OBN_3 | X15: AVERAGE | AC15: =AVERAGE(AC11:AC13) -> 3.6383333 | AD15: =AVERAGE(AD11:AD13) -> 14.722222 | AE15: =AVERAGE(AE11:AE13) -> 37.972222 | AF15: =AVERAGE(AF11:AF13) -> 7.1066667 | AG15: =AVERAGE(AG11:AG13) -> 28.531667 | AH15: =AVERAGE(AH11:AH13) -> 14.166667 | AI15: =AVERAGE(AI11:AI13) -> 106126.92 | AJ15: =AVERAGE(AJ11:AJ13) -> 0.52177778 | ... AL15: =AVERAGE(AL11:AL13) -> 1869.1111
B16: pH | C16: 1 | D16: Polo Bridge | E16: Polo, Valenzuela City, Metro Manila | F16: 7.1 | G16: 7.3 | H16: 7.5 | I16: 7.18 | J16: 7.3 | K16: 7 | L16: 7.18 | M16: 7.21 | N16: 7.75 | O16: 7.85 | P16: 7.1 | Q16: 7.59 | R16: =IFERROR(AVERAGE(F16:Q16), 0) -> 7.3383333 | S16: 6.5-9.0 | T16: OBN_1 | X16: MINIMUM | AC16: =MIN(AC11:AC13) -> 2.3616667 | AD16: =MIN(AD11:AD13) -> 9.8333333 | AE16: =MIN(AE11:AE13) -> 18.416667 | AF16: =MIN(AF11:AF13) -> 7.035 | AG16: =MIN(AG11:AG13) -> 28.5 | AH16: =MIN(AH11:AH13) -> 10.833333 | AI16: =MIN(AI11:AI13) -> 72670.058 | AJ16: =MIN(AJ11:AJ13) -> 0.4735 | ... AL16: =MIN(AL11:AL13) -> 155.33333
B17: pH | C17: 2 | D17: Fishport Near Public Market | E17: Paliwas, Obando, Bulacan | F17: 7 | G17: 7.11 | H17: 7 | I17: 7.01 | J17: 7.21 | K17: 7 | L17: 7.01 | M17: 7.01 | N17: 7.65 | O17: 7.61 | P17: 7.38 | Q17: 7.38 | R17: =IFERROR(AVERAGE(F17:Q17), 0) -> 7.1975 | S17: 6.5-9.0 | T17: OBN_2 | X17: MAXIMUM | AC17: =MAX(AC11:AC13) -> 5.445 | AD17: =MAX(AD11:AD13) -> 17.5 | AE17: =MAX(AE11:AE13) -> 48.5 | AF17: =MAX(AF11:AF13) -> 7.23 | AG17: =MAX(AG11:AG13) -> 28.578333 | AH17: =MAX(AH11:AH13) -> 18.333333 | AI17: =MAX(AI11:AI13) -> 142747 | AJ17: =MAX(AJ11:AJ13) -> 0.59933333 | ... AL17: =MAX(AL11:AL13) -> 2945.3333
B18: pH | C18: 3 | D18: Tawiran Bridge | E18: Tawiran, Obando, Bulacan | F18: 6.9 | G18: 7.02 | H18: 6.98 | I18: 7.12 | J18: 7.19 | K18: 7 | L18: 7.15 | M18: 7.18 | N18: 7.75 | O18: 7.78 | P18: 7.35 | Q18: 7.63 | R18: =IFERROR(AVERAGE(F18:Q18), 0) -> 7.2541667 | S18: 6.5-9.0 | T18: OBN_3 | X18: STANDARD | AC18: 5 mg/L | AD18: 7 mg/L | AE18: 80 mg/L | AF18: 6.5-9.0 | AG18: 25-31 °C | AH18: 75 TCU | AI18: 200 MPN/100 L | AJ18: 7 mg/L | AK18: 0.025 mg/L | AL18: 350 mg/L
B19: Temp. (°C) | C19: 1 | D19: Polo Bridge | E19: Polo, Valenzuela City, Metro Manila | F19: 27.3 | G19: 27.3 | H19: 28.9 | I19: 28.7 | J19: 29.4 | K19: 29.87 | L19: 30.1 | M19: 28.9 | N19: 29.8 | O19: 31.1 | P19: 29.1 | Q19: 29.1 | R19: =IFERROR(AVERAGE(F19:Q19), 0) -> 29.130833 | S19: 25-31 | T19: OBN_1
B20: Temp. (°C) | C20: 2 | D20: Fishport Near Public Market | E20: Paliwas, Obando, Bulacan | F20: 27.1 | G20: 26.9 | H20: 28.9 | I20: 29.1 | J20: 29.3 | K20: 29.7 | L20: 29.8 | M20: 29.1 | N20: 29.4 | O20: 31.1 | P20: 29.1 | Q20: 29.1 | R20: =IFERROR(AVERAGE(F20:Q20), 0) -> 29.05 | S20: 25-31 | T20: OBN_2
B21: Temp. (°C) | C21: 3 | D21: Tawiran Bridge | E21: Tawiran, Obando, Bulacan | F21: 27 | G21: 27.3 | H21: 29.1 | I21: 29.2 | J21: 29.1 | K21: 29.4 | L21: 29.7 | M21: 29.8 | N21: 30 | O21: 31.4 | P21: 29.1 | Q21: 29.2 | R21: =IFERROR(AVERAGE(F21:Q21), 0) -> 29.191667 | S21: 25-31 | T21: OBN_3 | X21: Water Quality Statistical Report
B22: Color (TCU) | C22: 1 | D22: Polo Bridge | E22: Polo, Valenzuela City, Metro Manila | F22: 20 | G22: 15 | H22: 15 | I22: 10 | J22: 20 | K22: 30 | L22: 30 | M22: 25 | N22: 25 | O22: 15 | P22: 25 | Q22: 20 | R22: =IFERROR(AVERAGE(F22:Q22), 0) -> 20.833333 | S22: 75 | T22: OBN_1 | X22: Annual 2025
B23: Color (TCU) | C23: 2 | D23: Fishport Near Public Market | E23: Paliwas, Obando, Bulacan | F23: 20 | G23: 10 | H23: 10 | I23: 10 | J23: 15 | K23: 15 | L23: 15 | M23: 15 | N23: 15 | O23: 15 | P23: 15 | Q23: 15 | R23: =IFERROR(AVERAGE(F23:Q23), 0) -> 14.166667 | S23: 75 | T23: OBN_2 | AC23: PARAMETERS
B24: Color (TCU) | C24: 3 | D24: Tawiran Bridge | E24: Tawiran, Obando, Bulacan | F24: 20 | G24: 5 | H24: 5 | I24: 10 | J24: 10 | K24: 15 | L24: 25 | M24: 20 | N24: 15 | O24: 30 | P24: 15 | Q24: 15 | R24: =IFERROR(AVERAGE(F24:Q24), 0) -> 15.416667 | S24: 75 | T24: OBN_3 | X24: Province / Municipality | Y24: Waterbody | Z24: Class | AA24: No. of Station | AB24: Name of Station | AC24: DO | AD24: BOD | AE24: TSS | AF24: pH | AG24: TEMP | AH24: COLOR | AI24: FECAL COLIFORM | AJ24: NITRATES | AK24: PHOSPHATES | AL24: CHLORIDES
B25: Fecal Coliform (MPN/100mL) | C25: 1 | D25: Polo Bridge | E25: Polo, Valenzuela City, Metro Manila | F25: 920000 | G25: 170000 | H25: 24000 | I25: 35000 | J25: 92000 | K25: 700000 | L25: 24000 | M25: 54000 | N25: 350000 | O25: 4600 | P25: 920,.000 | Q25: 160000 | R25: =IFERROR(GEOMEAN(F25:Q25), 0) -> 89142.871 | S25: 200 | T25: OBN_1 | X25: OBANDO, BULACAN | Y25: OBANDO RIVER | Z25: C | AA25: 1 | AB25: Tawiran Bridge | AC25: =R7 -> 5.0091667 | AD25: =R10 -> 16.25 | AE25: =R13 -> 28.791667 | AF25: =R16 -> 7.3383333 | AG25: =R19 -> 29.130833 | AH25: =R22 -> 20.833333 | AI25: =R25 -> 89142.871 | AJ25: =R28 -> 0.40108333 | AK25: =R31 -> 0.64183333 | AL25: =R34 -> 124.66667
B26: Fecal Coliform (MPN/100mL) | C26: 2 | D26: Fishport Near Public Market | E26: Paliwas, Obando, Bulacan | F26: 540000 | G26: 540000 | H26: 35000 | I26: 540000 | J26: 9400 | K26: 23000 | L26: 540000 | M26: 1600000 | N26: 1600000 | O26: 13000 | P26: 1600000 | Q26: 35000 | R26: =IFERROR(GEOMEAN(F26:Q26), 0) -> 180539.61 | S26: 200 | T26: OBN_2 | AA26: 2 | AB26: Fishport Near Public Market | AC26: =R8 -> 2.7683333 | AD26: =R11 -> 27.583333 | AE26: =R14 -> 47 | AF26: =R17 -> 7.1975 | AG26: =R20 -> 29.05 | AH26: =R23 -> 14.166667 | AI26: =R26 -> 180539.61 | AJ26: =R29 -> 0.31 | AK26: =R32 -> 0.66575 | AL26: =R35 -> 1510.9167
B27: Fecal Coliform (MPN/100mL) | C27: 3 | D27: Tawiran Bridge | E27: Tawiran, Obando, Bulacan | F27: 350000 | G27: 920000 | H27: 35000 | I27: 54000 | J27: 2200 | K27: 110000 | L27: 54000 | M27: 350000 | N27: 54000 | O27: 4900 | P27: 920000 | Q27: 54000 | R27: =IFERROR(GEOMEAN(F27:Q27), 0) -> 75906.772 | S27: 200 | T27: OBN_3 | AA27: 3 | AB27: Polo Bridge | AC27: =R9 -> 3.7766667 | AD27: =R12 -> 9.0833333 | AE27: =R15 -> 43.583333 | AF27: =R18 -> 7.2541667 | AG27: =R21 -> 29.191667 | AH27: =R24 -> 15.416667 | AI27: =R27 -> 75906.772 | AJ27: =R30 -> 0.38908333 | AK27: =R33 -> 0.44383333 | AL27: =R36 -> 1291.8333
B28: NO3-N (mg/L) | C28: 1 | D28: Polo Bridge | E28: Polo, Valenzuela City, Metro Manila | F28: 0.418 | G28: 1.583 | H28: 0.828 | I28: 0.344 | J28: 0.101 | K28: 0.322 | L28: 0.332 | M28: 0.25 | N28: 0.173 | O28: 0.323 | P28: 0.09 | Q28: 0.049 | R28: =IFERROR(AVERAGE(F28:Q28), 0) -> 0.40108333 | S28: 7 | T28: OBN_1
B29: NO3-N (mg/L) | C29: 2 | D29: Fishport Near Public Market | E29: Paliwas, Obando, Bulacan | F29: 0.391 | G29: 1.159 | H29: 0.563 | I29: 0.451 | J29: 0.136 | K29: 0.255 | L29: 0.043 | M29: 0.08 | N29: 0.157 | O29: 0.233 | P29: 0.149 | Q29: 0.103 | R29: =IFERROR(AVERAGE(F29:Q29), 0) -> 0.31 | S29: 7 | T29: OBN_2 | X29: AVERAGE | AC29: =AVERAGE(AC25:AC27) -> 3.8513889 | AD29: =AVERAGE(AD25:AD27) -> 17.638889 | AE29: =AVERAGE(AE25:AE27) -> 39.791667 | AF29: =AVERAGE(AF25:AF27) -> 7.2633333 | AG29: =AVERAGE(AG25:AG27) -> 29.124167 | AH29: =AVERAGE(AH25:AH27) -> 16.805556 | AI29: =AVERAGE(AI25:AI27) -> 115196.42 | AJ29: =AVERAGE(AJ25:AJ27) -> 0.36672222 | ... AL29: =AVERAGE(AL25:AL27) -> 975.80556
B30: NO3-N (mg/L) | C30: 3 | D30: Tawiran Bridge | E30: Tawiran, Obando, Bulacan | F30: 0.311 | G30: 1.216 | H30: 0.631 | I30: 0.311 | J30: 0.043 | K30: 0.329 | L30: 0.452 | M30: 0.352 | N30: 0.41 | O30: 0.337 | P30: 0.165 | Q30: 0.112 | R30: =IFERROR(AVERAGE(F30:Q30), 0) -> 0.38908333 | S30: 7 | T30: OBN_3 | X30: MINIMUM | AC30: =MIN(AC25:AC27) -> 2.7683333 | AD30: =MIN(AD25:AD27) -> 9.0833333 | AE30: =MIN(AE25:AE27) -> 28.791667 | AF30: =MIN(AF25:AF27) -> 7.1975 | AG30: =MIN(AG25:AG27) -> 29.05 | AH30: =MIN(AH25:AH27) -> 14.166667 | AI30: =MIN(AI25:AI27) -> 75906.772 | AJ30: =MIN(AJ25:AJ27) -> 0.31 | ... AL30: =MIN(AL25:AL27) -> 124.66667
B31: PO4-P (mg/L) | C31: 1 | D31: Polo Bridge | E31: Polo, Valenzuela City, Metro Manila | F31: 0.647 | G31: 1.077 | H31: 0.514 | I31: 0.628 | J31: 0.458 | K31: 0.742 | L31: 0.321 | M31: 0.774 | N31: 0.782 | O31: 0.496 | P31: 0.817 | Q31: 0.446 | R31: =IFERROR(AVERAGE(F31:Q31), 0) -> 0.64183333 | S31: 0.025 | T31: OBN_1 | X31: MAXIMUM | AC31: =MAX(AC25:AC27) -> 5.0091667 | AD31: =MAX(AD25:AD27) -> 27.583333 | AE31: =MAX(AE25:AE27) -> 47 | AF31: =MAX(AF25:AF27) -> 7.3383333 | AG31: =MAX(AG25:AG27) -> 29.191667 | AH31: =MAX(AH25:AH27) -> 20.833333 | AI31: =MAX(AI25:AI27) -> 180539.61 | AJ31: =MAX(AJ25:AJ27) -> 0.40108333 | ... AL31: =MAX(AL25:AL27) -> 1510.9167
B32: PO4-P (mg/L) | C32: 2 | D32: Fishport Near Public Market | E32: Paliwas, Obando, Bulacan | F32: 0.62 | G32: 0.676 | H32: 0.6 | I32: 0.293 | J32: 0.761 | K32: 0.525 | L32: 0.466 | M32: 0.75 | N32: 0.786 | O32: 0.752 | P32: 0.856 | Q32: 0.904 | R32: =IFERROR(AVERAGE(F32:Q32), 0) -> 0.66575 | S32: 0.025 | T32: OBN_2 | X32: STANDARD | AC32: 5 mg/L | AD32: 7 mg/L | AE32: 80 mg/L | AF32: 6.5-9.0 | AG32: 25-31 °C | AH32: 75 TCU | AI32: 200 MPN/100 L | AJ32: 7 mg/L | AK32: 0.025 mg/L | AL32: 350 mg/L
B33: PO4-P (mg/L) | C33: 3 | D33: Tawiran Bridge | E33: Tawiran, Obando, Bulacan | F33: 0.823 | G33: 0.011 | H33: 0.377 | I33: 0.362 | J33: 0.433 | K33: 0.507 | L33: 0.236 | M33: 0.31 | N33: 0.494 | O33: 0.485 | P33: 0.626 | Q33: 0.662 | R33: =IFERROR(AVERAGE(F33:Q33), 0) -> 0.44383333 | S33: 0.025 | T33: OBN_3
B34: Cl- (mg/L) | C34: 1 | D34: Polo Bridge | E34: Polo, Valenzuela City, Metro Manila | F34: 92 | G34: 231 | H34: 107 | I34: 113 | J34: 172 | K34: 217 | L34: 133 | M34: 122 | N34: 90 | O34: 31 | P34: 94 | Q34: 94 | R34: =IFERROR(AVERAGE(F34:Q34), 0) -> 124.66667 | S34: 350 | T34: OBN_1
B35: Cl- (mg/L) | C35: 2 | D35: Fishport Near Public Market | E35: Paliwas, Obando, Bulacan | F35: 165 | G35: 337 | H35: 16895 | I35: 43 | J35: 65 | K35: 167 | L35: 48 | M35: 125 | N35: 202 | O35: 29 | P35: 29 | Q35: 26 | R35: =IFERROR(AVERAGE(F35:Q35), 0) -> 1510.9167 | S35: 350 | T35: OBN_2
B36: Cl- (mg/L) | C36: 3 | D36: Tawiran Bridge | E36: Tawiran, Obando, Bulacan | F36: 199 | G36: 415 | H36: 13996 | I36: 33 | J36: 67 | K36: 330 | L36: 37 | M36: 53 | N36: 202 | O36: 24 | P36: 114 | Q36: 32 | R36: =IFERROR(AVERAGE(F36:Q36), 0) -> 1291.8333 | S36: 350 | T36: OBN_3
B37: Oil & Grease | C37: 1 | D37: Tawiran Bridge | E37: Polo, Valenzuela City, Metro Manila | F37: 1.1 | G37: - | H37: - | I37: - | J37: - | K37: 0.08 | L37: 1.6 | M37: - | N37: - | O37: - | P37: - | Q37: - | R37: =IFERROR(AVERAGE(F37:Q37), 0) -> 0.92666667 | S37: 3 | T37: OBN_1
B38: Cl- (mg/L) | C38: 2 | D38: Fishport Near Public Market | E38: Paliwas, Obando, Bulacan | F38: 21.4 | G38: - | H38: - | I38: - | J38: - | K38: 1.1 | L38: 3.7 | M38: - | N38: - | O38: - | P38: - | Q38: - | R38: =IFERROR(AVERAGE(F38:Q38), 0) -> 8.7333333 | S38: 3 | T38: OBN_2
B39: Cl- (mg/L) | C39: 3 | D39: Polo Bridge | E39: Tawiran, Obando, Bulacan | F39: 1.4 | G39: - | H39: - | I39: - | J39: - | K39: 1.7 | L39: 0.8 | M39: - | N39: - | O39: - | P39: - | Q39: - | R39: =IFERROR(AVERAGE(F39:Q39), 0) -> 1.3 | S39: 3 | T39: OBN_3
B40: Observation | C40: 1 | D40: Polo Bridge | E40: Polo, Valenzuela City, Metro Manila | F40: near residential area/ commercial area, presence of few floating solid waste | G40: Residential/ commercial area and presence of few floating of solid waste | H40: Residential/ commercial area, few floating of soliid waste | I40: Residential/ commercial area, public market, few solid waste afloat | J40: Commercial/ residential area, presence of few floating of solid wastes | K40: On-going construction of bridge, dredging vessel anchored near sampling station, near fishpond & few residential houses | L40: residential/ commercial area, presence of few solid waste afloat | M40: on-going construction of bridge, dredging ship docked near the station, presence of few floating of solid waste and hyacinth | N40: visible of fishing boat/heavy equipment,on going construction of bridge,presence of hyacinth/solid waste | O40: on-gong construction of bridge, visible of dredging equipment and heavy equipment, presence of few rotten hyacinth and solid waste | P40: visible of solid waste, hyacinth and bubbles, stagnant water | Q40: Presence of rotting organic matter/ near residential and commercial area | T40: OBN_1
B41: Cl- (mg/L) | C41: 2 | D41: Fishport Near Public Market | E41: Paliwas, Obando, Bulacan | F41: Docking area of fishing boats, presence of few solid waste, near public market | G41: Near boat docking area of motorboats, Public market and presence of few floating of solid waste | H41: Docking area of motorboats, near fish port/ public market, residential area | I41: Near fish port, docking area, public market and few solid waste afloat | J41: Near fishport/ public market/ boat terminal, presence of few floating of solid wastes | K41: Presence of Solid waste, neasr fish port, near residential/ commercial area | L41: boat docking area, near fish port&public market and presence of few solid waste afloat | M41: presence of solid waste especially plastic, docking of boats, near fish port and public market | N41: visible of boat/bangka, presence of solid few waste | O41: visible of boat/ bangka, presence of few solid waste | P41: visible of passenger boats, presence of solid waste | Q41: Presence of small fishing boats/ Presence of solidwastes/ near fishport and public market | T41: OBN_2
B42: Cl- (mg/L) | C42: 3 | D42: Tawiran Bridge | E42: Tawiran, Obando, Bulacan | F42: Dredging equipment docked near the station, on-going construction of bridge, presence of few solid waste | G42: Presence of docked boats near the station, few floating of solid waste and water lily, and on-going construction of bridge | H42: On-going construction of bridge, docking area, few floating of solid waste | I42: Ongoing construction of bridge, docking area, fishpond area, few solid waste and rotten water lily | J42: Commercial/ residential area, presence of few floating of solid wastes | K42: Presence of Solid waste, neasr fish port, near residential | L42: on-going construction of bridge, dredging machine docked near the station, and presence of few solid waste afloat | M42: few floating of solid wastes, commercial/residential area | N42: presence of volume of hyacinth/solid waste, continuous discharge of water from the pumping station | O42: residential/ commercial area, presence of few solid waste | P42: on going construction of bridge, visible of heavy equipment and boats, presence of few solid waste and hyacinth | Q42: Ongoing construction of bridge/ presence of dredging machineries/ presence of small fishing boats/ presence of solid wastes | T42: OBN_3
C43: Date | F43: 7 | G43: 12 | H43: 6 | I43: 2 | J43: 15 | K43: 11 | L43: 4 | M43: 7 | N43: 4 | O43: 22 | P43: 5
E73: ANALYSIS:
E74: The 2025 water quality monitoring of Obando River, Class C, covering three stations, indicates that the river is generally stressed with pollution, though somewhat better than Marilao River in terms of dissolved oxygen. DO levels averaged 2.77–5.01 mg/L, with Fishport Near Public Market showing critically low values in some months (as low as 0.20 mg/L), suggesting localized oxygen depletion that can stress aquatic life. BOD levels ranged from 9–28 mg/L, with the highest at Fishport, indicating moderate organic pollution, while TSS values were mostly below the 80 mg/L limit but spiked at Fishport (up to 127 mg/L), reflecting sediment and runoff inputs. Water temperature (25–31°C) and pH (6.9–7.8) were within acceptable ranges. Nutrient levels were concerning, particularly phosphate (PO4-P), which consistently exceeded the 0.025 mg/L standard, averaging 0.444–0.666 mg/L, highlighting a risk of eutrophication. Nitrate (NO3-N) levels were within limits but varied among stations. Fecal coliform counts were extremely high at all stations, averaging 75,907–180,540 MPN/100 mL, far exceeding the 200 MPN/100 mL guideline, indicating severe bacterial contamination likely from residential, commercial, and fishport activities. Observations noted floating solid waste, water hyacinth, and proximity to residential, commercial, and docking areas, showing strong anthropogenic impacts. Overall, Obando River exhibits high microbial contamination, elevated nutrients, and localized oxygen depletion, posing environmental and public health concerns.

Sheet BOCAUE RIVER
C1: SUMMARY REPORT OF WATER QUALITY MONITORING DATA
C2: SUBMITTED BY THE REGIONAL OFFICES
C3: CY 2025
C4: BOCAUE RIVER
C5: CLASS C ( 3 STATIONS )
A6: Region | B6: Parameter | C6: Stn. No. | D6: Stn. ID | E6: Address | F6: January | G6: February | H6: March | I6: April | J6: May | K6: June | L6: July | M6: August | N6: September | O6: October | P6: November | Q6: December | R6: Average/Geomean | S6: WQG | T6: Code
A7: III | B7: DO (mg/L) | C7: 1 | D7: Expressway Bridge | E7: Brgy. Turo, Bocaue, Bulacan | F7: 1.9 | G7: 1.59 | H7: 1.9 | I7: 4.56 | J7: 2.59 | K7: 3.25 | L7: 4.95 | M7: 4.1 | N7: 4.7 | O7: 4.44 | P7: 4.71 | Q7: 3.1 | R7: =IFERROR(AVERAGE(F7:Q7), 0) -> 3.4825 | S7: 5 | T7: BOC_1 | X7: Water Quality Statistical Report
B8: DO (mg/L) | C8: 2 | D8: McArthur Bridge | E8: Brgy. Biñang 2nd, Bocaue, Bul. | F8: 1.9 | G8: 1.57 | H8: 2.7 | I8: 4.53 | J8: 2.8 | K8: 3.62 | L8: 5.01 | M8: 4.05 | N8: 4.8 | O8: 4.59 | P8: 4.45 | Q8: 3.25 | R8: =IFERROR(AVERAGE(F8:Q8), 0) -> 3.6058333 | S8: 5 | T8: BOC_2 | X8: 1st Semi-Annual 2025
B9: DO (mg/L) | C9: 3 | D9: Bridge near public Market (UBVAS) | E9: Brgy. Biñang 2nd, Bocaue, Bul. | F9: 1.9 | G9: 1.59 | H9: 2.53 | I9: 4.54 | J9: 2.67 | K9: 4.59 | L9: 5.61 | M9: 4.23 | N9: 4.2 | O9: 4.65 | P9: 4.53 | Q9: 3.05 | R9: =IFERROR(AVERAGE(F9:Q9), 0) -> 3.6741667 | S9: 5 | T9: BOC_3 | AC9: PARAMETERS
B10: BOD (mg/L) | C10: 1 | D10: Expressway Bridge | E10: Brgy. Turo, Bocaue, Bulacan | F10: 13 | G10: 10 | H10: 10 | I10: 11 | J10: 7 | K10: 9 | L10: 2 | M10: 6 | N10: 9 | O10: 7 | P10: 4 | Q10: 9 | R10: =IFERROR(AVERAGE(F10:Q10), 0) -> 8.0833333 | S10: 7 | T10: BOC_1 | X10: Province / Municipality | Y10: Waterbody | Z10: Class | AA10: No. of Station | AB10: Name of Station | AC10: DO | AD10: BOD | AE10: TSS | AF10: pH | AG10: TEMP | AH10: COLOR | AI10: FECAL COLIFORM | AJ10: NITRATES | AK10: PHOSPHATES | AL10: CHLORIDES
B11: BOD (mg/L) | C11: 2 | D11: McArthur Bridge | E11: Brgy. Biñang 2nd, Bocaue, Bul. | F11: 8 | G11: 11 | H11: 10 | I11: 14 | J11: 7 | K11: 7 | L11: 2 | M11: 6 | N11: 7 | O11: 6 | P11: 4 | Q11: 10 | R11: =IFERROR(AVERAGE(F11:Q11), 0) -> 7.6666667 | S11: 7 | T11: BOC_2 | X11: BOCAUE, BULACAN | Y11: BOCAUE RIVER | Z11: C | AA11: 1 | AB11: Bridge near public Market (UBVAS) | AC11: =AVERAGE(F7:K7) -> 2.6316667 | AD11: =AVERAGE(F10:K10) -> 10 | AE11: =AVERAGE(F13:K13) -> 18 | AF11: =AVERAGE(F16:K16) -> 7.1083333 | AG11: =AVERAGE(F19:K19) -> 28.833333 | AH11: =AVERAGE(F22:K22) -> 26.666667 | AI11: =GEOMEAN(F25:K25) -> 487437.15 | AJ11: =AVERAGE(F28:K28) -> 0.80033333 | AK11: =AVERAGE(F31:K31) -> 0.77133333 | AL11: =AVERAGE(F34:K34) -> 214.16667
B12: BOD (mg/L) | C12: 3 | D12: Bridge near public Market (UBVAS) | E12: Brgy. Biñang 2nd, Bocaue, Bul. | F12: 8 | G12: 14 | H12: 11 | I12: 11 | J12: 6 | K12: 9 | L12: 2 | M12: 7 | N12: 9 | O12: 7 | P12: 5 | Q12: 8 | R12: =IFERROR(AVERAGE(F12:Q12), 0) -> 8.0833333 | S12: 7 | T12: BOC_3 | AA12: 2 | AB12: McArthur Bridge | AC12: =AVERAGE(F8:K8) -> 2.8533333 | AD12: =AVERAGE(F11:K11) -> 9.5 | AE12: =AVERAGE(F14:K14) -> 17.166667 | AF12: =AVERAGE(F17:K17) -> 7.105 | AG12: =AVERAGE(F20:K20) -> 28.65 | AH12: =AVERAGE(F23:K23) -> 26.666667 | AI12: =GEOMEAN(F26:K26) -> 517260.25 | AJ12: =AVERAGE(F29:K29) -> 0.89383333 | AK12: =AVERAGE(F32:K32) -> 0.765 | AL12: =AVERAGE(F35:K35) -> 184.66667
B13: TSS (mg/L) | C13: 1 | D13: Expressway Bridge | E13: Brgy. Turo, Bocaue, Bulacan | F13: 11 | G13: 15 | H13: 13 | I13: 13 | J13: 17 | K13: 39 | L13: 40 | M13: 8 | N13: 37 | O13: 43 | P13: 32 | Q13: 53 | R13: =IFERROR(AVERAGE(F13:Q13), 0) -> 26.75 | S13: 80 | T13: BOC_1 | AA13: 3 | AB13: Expressway Bridge | AC13: =AVERAGE(F9:K9) -> 2.97 | AD13: =AVERAGE(F12:K12) -> 9.8333333 | AE13: =AVERAGE(F15:K15) -> 19.166667 | AF13: =AVERAGE(F18:K18) -> 7.1483333 | AG13: =AVERAGE(F21:K21) -> 28.433333 | AH13: =AVERAGE(F24:K24) -> 26.666667 | AI13: =GEOMEAN(F27:K27) -> 553624.33 | AJ13: =AVERAGE(F30:K30) -> 1.0518333 | AK13: =AVERAGE(F33:K33) -> 0.77616667 | AL13: =AVERAGE(F36:K36) -> 209.83333
B14: TSS (mg/L) | C14: 2 | D14: McArthur Bridge | E14: Brgy. Biñang 2nd, Bocaue, Bul. | F14: 12 | G14: 11 | H14: 13 | I14: 15 | J14: 9 | K14: 43 | L14: 63 | M14: 12 | N14: 31 | O14: 33 | P14: 39 | Q14: 56 | R14: =IFERROR(AVERAGE(F14:Q14), 0) -> 28.083333 | S14: 80 | T14: BOC_2
B15: TSS (mg/L) | C15: 3 | D15: Bridge near public Market (UBVAS) | E15: Brgy. Biñang 2nd, Bocaue, Bul. | F15: 10 | G15: 9 | H15: 12 | I15: 13 | J15: 21 | K15: 50 | L15: 29 | M15: 9 | N15: 45 | O15: 29 | P15: 31 | Q15: 55 | R15: =IFERROR(AVERAGE(F15:Q15), 0) -> 26.083333 | S15: 80 | T15: BOC_3 | X15: AVERAGE | AC15: =AVERAGE(AC11:AC13) -> 2.8183333 | AD15: =AVERAGE(AD11:AD13) -> 9.7777778 | AE15: =AVERAGE(AE11:AE13) -> 18.111111 | AF15: =AVERAGE(AF11:AF13) -> 7.1205556 | AG15: =AVERAGE(AG11:AG13) -> 28.638889 | AH15: =AVERAGE(AH11:AH13) -> 26.666667 | AI15: =AVERAGE(AI11:AI13) -> 519440.58 | AJ15: =AVERAGE(AJ11:AJ13) -> 0.91533333 | ... AL15: =AVERAGE(AL11:AL13) -> 202.88889
B16: pH | C16: 1 | D16: Expressway Bridge | E16: Brgy. Turo, Bocaue, Bulacan | F16: 7.1 | G16: 7 | H16: 7.01 | I16: 7.25 | J16: 7.28 | K16: 7.01 | L16: 7.12 | M16: 7.05 | N16: 8.18 | O16: 7.81 | P16: 7.5 | Q16: 7.58 | R16: =IFERROR(AVERAGE(F16:Q16), 0) -> 7.3241667 | S16: 6.5-9.0 | T16: BOC_1 | X16: MINIMUM | AC16: =MIN(AC11:AC13) -> 2.6316667 | AD16: =MIN(AD11:AD13) -> 9.5 | AE16: =MIN(AE11:AE13) -> 17.166667 | AF16: =MIN(AF11:AF13) -> 7.105 | AG16: =MIN(AG11:AG13) -> 28.433333 | AH16: =MIN(AH11:AH13) -> 26.666667 | AI16: =MIN(AI11:AI13) -> 487437.15 | AJ16: =MIN(AJ11:AJ13) -> 0.80033333 | ... AL16: =MIN(AL11:AL13) -> 184.66667
B17: pH | C17: 2 | D17: McArthur Bridge | E17: Brgy. Biñang 2nd, Bocaue, Bul. | F17: 7.1 | G17: 7.02 | H17: 7.03 | I17: 7.2 | J17: 7.17 | K17: 7.11 | L17: 7.1 | M17: 7.05 | N17: 7.85 | O17: 7.77 | P17: 7.48 | Q17: 7.61 | R17: =IFERROR(AVERAGE(F17:Q17), 0) -> 7.2908333 | S17: 6.5-9.0 | T17: BOC_2 | X17: MAXIMUM | AC17: =MAX(AC11:AC13) -> 2.97 | AD17: =MAX(AD11:AD13) -> 10 | AE17: =MAX(AE11:AE13) -> 19.166667 | AF17: =MAX(AF11:AF13) -> 7.1483333 | AG17: =MAX(AG11:AG13) -> 28.833333 | AH17: =MAX(AH11:AH13) -> 26.666667 | AI17: =MAX(AI11:AI13) -> 553624.33 | AJ17: =MAX(AJ11:AJ13) -> 1.0518333 | ... AL17: =MAX(AL11:AL13) -> 214.16667
B18: pH | C18: 3 | D18: Bridge near public Market (UBVAS) | E18: Brgy. Biñang 2nd, Bocaue, Bul. | F18: 7 | G18: 6.99 | H18: 7.11 | I18: 7.28 | J18: 7.22 | K18: 7.29 | L18: 7.12 | M18: 7.08 | N18: 7.81 | O18: 7.83 | P18: 7.51 | Q18: 7.53 | R18: =IFERROR(AVERAGE(F18:Q18), 0) -> 7.3141667 | S18: 6.5-9.0 | T18: BOC_3 | X18: STANDARD | AC18: 5 mg/L | AD18: 7 mg/L | AE18: 80 mg/L | AF18: 6.5-9.0 | AG18: 25-31 °C | AH18: 75 TCU | AI18: 200 MPN/100 L | AJ18: 7 mg/L | AK18: 0.025 mg/L | AL18: 350 mg/L
B19: Temp. (°C) | C19: 1 | D19: Expressway Bridge | E19: Brgy. Turo, Bocaue, Bulacan | F19: 27.4 | G19: 26.1 | H19: 28.8 | I19: 31.1 | J19: 31.1 | K19: 28.5 | L19: 28.8 | M19: 29.9 | N19: 30.1 | O19: 27.2 | P19: 28.4 | Q19: 26.8 | R19: =IFERROR(AVERAGE(F19:Q19), 0) -> 28.683333 | S19: 25-31 | T19: BOC_1
B20: Temp. (°C) | C20: 2 | D20: McArthur Bridge | E20: Brgy. Biñang 2nd, Bocaue, Bul. | F20: 27.4 | G20: 26.2 | H20: 27.7 | I20: 31 | J20: 31.5 | K20: 28.1 | L20: 28.2 | M20: 30 | N20: 29.2 | O20: 27.1 | P20: 28.4 | Q20: 26.1 | R20: =IFERROR(AVERAGE(F20:Q20), 0) -> 28.408333 | S20: 25-31 | T20: BOC_2
B21: Temp. (°C) | C21: 3 | D21: Bridge near public Market (UBVAS) | E21: Brgy. Biñang 2nd, Bocaue, Bul. | F21: 27.3 | G21: 26.1 | H21: 28.1 | I21: 30.8 | J21: 31.5 | K21: 26.8 | L21: 27.1 | M21: 29.3 | N21: 29.1 | O21: 27.1 | P21: 28.2 | Q21: 26.1 | R21: =IFERROR(AVERAGE(F21:Q21), 0) -> 28.125 | S21: 25-31 | T21: BOC_3 | X21: Water Quality Statistical Report
B22: Color (TCU) | C22: 1 | D22: Expressway Bridge | E22: Brgy. Turo, Bocaue, Bulacan | F22: 25 | G22: 25 | H22: 25 | I22: 25 | J22: 30 | K22: 30 | L22: 30 | M22: 20 | N22: 10 | O22: 15 | P22: 15 | Q22: 15 | R22: =IFERROR(AVERAGE(F22:Q22), 0) -> 22.083333 | S22: 75 | T22: BOC_1 | X22: Annual 2025
B23: Color (TCU) | C23: 2 | D23: McArthur Bridge | E23: Brgy. Biñang 2nd, Bocaue, Bul. | F23: 25 | G23: 25 | H23: 25 | I23: 25 | J23: 30 | K23: 30 | L23: 30 | M23: 20 | N23: 10 | O23: 15 | P23: 10 | Q23: 15 | R23: =IFERROR(AVERAGE(F23:Q23), 0) -> 21.666667 | S23: 75 | T23: BOC_2 | AC23: PARAMETERS
B24: Color (TCU) | C24: 3 | D24: Bridge near public Market (UBVAS) | E24: Brgy. Biñang 2nd, Bocaue, Bul. | F24: 25 | G24: 25 | H24: 25 | I24: 25 | J24: 30 | K24: 30 | L24: 30 | M24: 20 | N24: 10 | O24: 15 | P24: 10 | Q24: 15 | R24: =IFERROR(AVERAGE(F24:Q24), 0) -> 21.666667 | S24: 75 | T24: BOC_3 | X24: Province / Municipality | Y24: Waterbody | Z24: Class | AA24: No. of Station | AB24: Name of Station | AC24: DO | AD24: BOD | AE24: TSS | AF24: pH | AG24: TEMP | AH24: COLOR | AI24: FECAL COLIFORM | AJ24: NITRATES | AK24: PHOSPHATES | AL24: CHLORIDES
B25: Fecal Coliform (MPN/100mL) | C25: 1 | D25: Expressway Bridge | E25: Brgy. Turo, Bocaue, Bulacan | F25: 110000 | G25: 9200000 | H25: 490000 | I25: 230000 | J25: 2400000 | K25: 49000 | L25: 23000 | M25: 49000 | N25: 22000 | O25: 5400000 | P25: 23000 | Q25: 33000 | R25: =IFERROR(GEOMEAN(F25:Q25), 0) -> 182476.87 | S25: 200 | T25: BOC_1 | X25: BOCAUE, BULACAN | Y25: BOCAUE RIVER | Z25: C | AA25: 1 | AB25: Bridge near public Market (UBVAS) | AC25: =R7 -> 3.4825 | AD25: =R10 -> 8.0833333 | AE25: =R13 -> 26.75 | AF25: =R16 -> 7.3241667 | AG25: =R19 -> 28.683333 | AH25: =R22 -> 22.083333 | AI25: =R25 -> 182476.87 | AJ25: =R28 -> 0.84866667 | AK25: =R31 -> 0.72491667 | AL25: =R34 -> 123.25
B26: Fecal Coliform (MPN/100mL) | C26: 2 | D26: McArthur Bridge | E26: Brgy. Biñang 2nd, Bocaue, Bul. | F26: 490000 | G26: 5400000 | H26: 790000 | I26: 170000 | J26: 490000 | K26: 110000 | L26: 70000 | M26: 70000 | N26: 35000 | O26: 5400000 | P26: 33000 | Q26: 79000 | R26: =IFERROR(GEOMEAN(F26:Q26), 0) -> 244767.9 | S26: 200 | T26: BOC_2 | AA26: 2 | AB26: McArthur Bridge | AC26: =R8 -> 3.6058333 | AD26: =R11 -> 7.6666667 | AE26: =R14 -> 28.083333 | AF26: =R17 -> 7.2908333 | AG26: =R20 -> 28.408333 | AH26: =R23 -> 21.666667 | AI26: =R26 -> 244767.9 | AJ26: =R29 -> 0.92441667 | AK26: =R32 -> 0.72391667 | AL26: =R35 -> 111
B27: Fecal Coliform (MPN/100mL) | C27: 3 | D27: Bridge near public Market (UBVAS) | E27: Brgy. Biñang 2nd, Bocaue, Bul. | F27: 330000 | G27: 7000000 | H27: 490000 | I27: 230000 | J27: 790000 | K27: 140000 | L27: 33000 | M27: 110000 | N27: 7000 | O27: 1100000 | P27: 130000 | Q27: 49000 | R27: =IFERROR(GEOMEAN(F27:Q27), 0) -> 203775.66 | S27: 200 | T27: BOC_3 | AA27: 3 | AB27: Expressway Bridge | AC27: =R9 -> 3.6741667 | AD27: =R12 -> 8.0833333 | AE27: =R15 -> 26.083333 | AF27: =R18 -> 7.3141667 | AG27: =R21 -> 28.125 | AH27: =R24 -> 21.666667 | AI27: =R27 -> 203775.66 | AJ27: =R30 -> 0.96321667 | AK27: =R33 -> 0.71091667 | AL27: =R36 -> 122.33333
B28: NO3-N (mg/L) | C28: 1 | D28: Expressway Bridge | E28: Brgy. Turo, Bocaue, Bulacan | F28: 0.773 | G28: 0.297 | H28: 0.357 | I28: 0.674 | J28: 1.385 | K28: 1.316 | L28: 1.44 | M28: 0.234 | N28: 1.103 | O28: 1.333 | P28: 0.561 | Q28: 0.711 | R28: =IFERROR(AVERAGE(F28:Q28), 0) -> 0.84866667 | S28: 7 | T28: BOC_1
B29: NO3-N (mg/L) | C29: 2 | D29: McArthur Bridge | E29: Brgy. Biñang 2nd, Bocaue, Bul. | F29: 0.806 | G29: 0.165 | H29: 0.567 | I29: 0.55 | J29: 1.472 | K29: 1.803 | L29: 1.257 | M29: 0.502 | N29: 1.19 | O29: 1.135 | P29: 0.604 | Q29: 1.042 | R29: =IFERROR(AVERAGE(F29:Q29), 0) -> 0.92441667 | S29: 7 | T29: BOC_2 | X29: AVERAGE | AC29: =AVERAGE(AC25:AC27) -> 3.5875 | AD29: =AVERAGE(AD25:AD27) -> 7.9444444 | AE29: =AVERAGE(AE25:AE27) -> 26.972222 | AF29: =AVERAGE(AF25:AF27) -> 7.3097222 | AG29: =AVERAGE(AG25:AG27) -> 28.405556 | AH29: =AVERAGE(AH25:AH27) -> 21.805556 | AI29: =AVERAGE(AI25:AI27) -> 210340.14 | AJ29: =AVERAGE(AJ25:AJ27) -> 0.9121 | ... AL29: =AVERAGE(AL25:AL27) -> 118.86111
B30: NO3-N (mg/L) | C30: 3 | D30: Bridge near public Market (UBVAS) | E30: Brgy. Biñang 2nd, Bocaue, Bul. | F30: 1.336 | G30: 0.156 | H30: 0.721 | I30: 0.69 | J30: 1.562 | K30: 1.846 | L30: 1.67 | M30: 0.304 | N30: 0.995 | O30: 0.993 | P30: 0.0686 | Q30: 1.217 | R30: =IFERROR(AVERAGE(F30:Q30), 0) -> 0.96321667 | S30: 7 | T30: BOC_3 | X30: MINIMUM | AC30: =MIN(AC25:AC27) -> 3.4825 | AD30: =MIN(AD25:AD27) -> 7.6666667 | AE30: =MIN(AE25:AE27) -> 26.083333 | AF30: =MIN(AF25:AF27) -> 7.2908333 | AG30: =MIN(AG25:AG27) -> 28.125 | AH30: =MIN(AH25:AH27) -> 21.666667 | AI30: =MIN(AI25:AI27) -> 182476.87 | AJ30: =MIN(AJ25:AJ27) -> 0.84866667 | ... AL30: =MIN(AL25:AL27) -> 111
B31: PO4-P (mg/L) | C31: 1 | D31: Expressway Bridge | E31: Brgy. Turo, Bocaue, Bulacan | F31: 0.132 | G31: 0.763 | H31: 0.258 | I31: 1.356 | J31: 1.414 | K31: 0.705 | L31: 0.321 | M31: 1.293 | N31: 0.421 | O31: 0.745 | P31: 0.325 | Q31: 0.966 | R31: =IFERROR(AVERAGE(F31:Q31), 0) -> 0.72491667 | S31: 0.025 | T31: BOC_1 | X31: MAXIMUM | AC31: =MAX(AC25:AC27) -> 3.6741667 | AD31: =MAX(AD25:AD27) -> 8.0833333 | AE31: =MAX(AE25:AE27) -> 28.083333 | AF31: =MAX(AF25:AF27) -> 7.3241667 | AG31: =MAX(AG25:AG27) -> 28.683333 | AH31: =MAX(AH25:AH27) -> 22.083333 | AI31: =MAX(AI25:AI27) -> 244767.9 | AJ31: =MAX(AJ25:AJ27) -> 0.96321667 | ... AL31: =MAX(AL25:AL27) -> 123.25
B32: PO4-P (mg/L) | C32: 2 | D32: McArthur Bridge | E32: Brgy. Biñang 2nd, Bocaue, Bul. | F32: 0.107 | G32: 0.815 | H32: 0.261 | I32: 1.137 | J32: 1.572 | K32: 0.698 | L32: 0.321 | M32: 1.266 | N32: 0.441 | O32: 0.76 | P32: 0.36 | Q32: 0.949 | R32: =IFERROR(AVERAGE(F32:Q32), 0) -> 0.72391667 | S32: 0.025 | T32: BOC_2 | X32: STANDARD | AC32: 5 mg/L | AD32: 7 mg/L | AE32: 80 mg/L | AF32: 6.5-9.0 | AG32: 25-31 °C | AH32: 75 TCU | AI32: 200 MPN/100 L | AJ32: 7 mg/L | AK32: 0.025 mg/L | AL32: 350 mg/L
B33: PO4-P (mg/L) | C33: 3 | D33: Bridge near public Market (UBVAS) | E33: Brgy. Biñang 2nd, Bocaue, Bul. | F33: 0.1 | G33: 0.85 | H33: 0.333 | I33: 1.125 | J33: 1.514 | K33: 0.735 | L33: 0.321 | M33: 1.122 | N33: 0.421 | O33: 0.787 | P33: 0.339 | Q33: 0.884 | R33: =IFERROR(AVERAGE(F33:Q33), 0) -> 0.71091667 | S33: 0.025 | T33: BOC_3
B34: Cl- (mg/L) | C34: 1 | D34: Expressway Bridge | E34: Brgy. Turo, Bocaue, Bulacan | F34: 238 | G34: 460 | H34: 136 | I34: 379 | J34: 51 | K34: 21 | L34: 26 | M34: 35 | N34: 15 | O34: 59 | P34: 10 | Q34: 49 | R34: =IFERROR(AVERAGE(F34:Q34), 0) -> 123.25 | S34: 350 | T34: BOC_1
B35: Cl- (mg/L) | C35: 2 | D35: McArthur Bridge | E35: Brgy. Biñang 2nd, Bocaue, Bul. | F35: 287 | G35: 433 | H35: 118 | I35: 203 | J35: 54 | K35: 13 | L35: 28 | M35: 45 | N35: 16 | O35: 93 | P35: 8 | Q35: 34 | R35: =IFERROR(AVERAGE(F35:Q35), 0) -> 111 | S35: 350 | T35: BOC_2
B36: Cl- (mg/L) | C36: 3 | D36: Bridge near public Market (UBVAS) | E36: Brgy. Biñang 2nd, Bocaue, Bul. | F36: 436 | G36: 407 | H36: 116 | I36: 222 | J36: 58 | K36: 20 | L36: 35 | M36: 37 | N36: 14 | O36: 80 | P36: 8 | Q36: 35 | R36: =IFERROR(AVERAGE(F36:Q36), 0) -> 122.33333 | S36: 350 | T36: BOC_3
B37: Observations | C37: 1 | D37: Expressway Bridge | E37: Brgy. Turo, Bocaue, Bulacan | F37: Mixed land, presence of few floating of solid waste | G37: Residential area, presence of few floating of solid waste and water lily. | H37: Mixed land, presence of few floating of solid waste | I37: mixed land, few floating of solid wastes | J37: residential area, presence of few floating solid wastes, near fish port | K37: Turbid water, mixed land/ area, on-going rehabilitation of river bank | L37: mixed land, on-going construction of riverbank slope-protection and presence of few solid waste afloat. | M37: residential area, few floating of solid waste | N37: turbid water, presence of few solid waste and hyacinth, visible of construction of river wall | O37: presence of few solid waste, residential area | P37: visible of barge and on going rehabilitation of river bank, presence of few solid waste | Q37: Presence of solid waste/ near residential and agricultural area | T37: BOC_1
B38: Cl- (mg/L) | C38: 2 | D38: McArthur Bridge | E38: Brgy. Biñang 2nd, Bocaue, Bul. | F38: Near Public market & school, residential area, presemce of ferw floating of solid waste and styrofoam | G38: Residential area, near public market/school and presence of few floating of solid waste and water lily was observed | H38: Near Public Market & school, residential area, presence of few floating of solid waste | I38: Near Public market & school, residential area, few floating of solid wastes | J38: near residential area/ school/ public market, vol. of water lily and solid wastes caught by trash trap | K38: Turbid water, near public market, residential area, near school, presence of vol. of solid waste gathered by the trash trap | L38: residential area, near public market & school, presence of few solid waste afloat | M38: near public market & school, residential area, few floating of solid waste, water discharge at municipal drainage | N38: turbid water, presence of few solid waste, near public market, school and residential area | O38: presence of volume of water lily and few solid wasste, near public market, school and residential area | P38: near school and public market, residential area, presence of volume of hyacinth at river bank | Q38: Presence of solid waste/ near residential area and public market | T38: BOC_2
B39: Cl- (mg/L) | C39: 3 | D39: Bridge near public Market (UBVAS) | E39: Brgy. Biñang 2nd, Bocaue, Bul. | F39: Residential area, near fish port & public market, presence of few floating of solid waste | G39: Residential area, near fish port and presence of few floating of solid waste & water lily was observed | H39: Near Fishport, near residential area and presence of few floating of solid waste observed | I39: Near Fish port, near residential area, few floating of solid waste | J39: mixed land, presence of few floating of solid wastes and water lilies | K39: Turbid water, near fishport, residential area, presence of few floating solid waste | L39: residential area, turbid water, presence of few solid waste afloat | M39: residential area, few floating of solid waste | N39: turbid water, near public market/ residential area, presence of few solid waste | O39: presence of few solid waste, agricultural and residential area | P39: prsence of few solid waste, visible of garbage sacks on river bank, residential area | Q39: Presence of solid waste/ presence of small fishing boats/ near fishport and public market and residential area | T39: BOC_3
D40: Date of sampling | F40: 17 | G40: 19 | H40: 21 | I40: 11 | J40: 21 | K40: 18 | L40: 4 | M40: 8 | N40: 19 | O40: 16 | P40: 13
E70: ANALYSIS:
E71: The 2025 water quality monitoring of Bocaue River, Class C, shows that the river is moderately to heavily polluted. Dissolved oxygen (DO) levels were low, averaging 3.5–3.7 mg/L, below the 5 mg/L guideline, which can stress aquatic life. BOD values ranged from 7.7–8.1 mg/L, showing moderate organic pollution from nearby residential and commercial areas. Suspended solids (TSS) were generally below the standard of 80 mg/L, averaging 26–28 mg/L, but increased during construction and runoff periods. The river’s pH and temperature were within normal ranges. Nutrient pollution is a problem, with phosphate (PO4-P) well above the 0.025 mg/L limit, suggesting a risk of excessive algae growth, while nitrates remained below limits. Fecal coliform levels were extremely high, averaging 182,000–245,000 MPN/100 mL, far above the 200 MPN/100 mL guideline, indicating contamination from domestic wastewater and nearby markets and fish ports. Observations noted floating solid waste, turbid water, and water lilies at all stations. Overall, Bocaue River is affected by bacteria, nutrients, moderate organic pollution, and sediment, mainly due to human activities along the river.

Sheet STA. MARIA RIVER
C1: SUMMARY REPORT OF WATER QUALITY MONITORING DATA
C2: SUBMITTED BY THE REGIONAL OFFICES
C3: CY 2025
C4: STA. MARIA RIVER
C5: CLASS C ( 3 STATIONS )
A6: Region | B6: Parameter | C6: Stn. No. | D6: Stn. ID | E6: Address | F6: January | G6: February | H6: March | I6: April | J6: May | K6: June | L6: July | M6: August | N6: September | O6: October | P6: November | Q6: December | R6: Average/Geomean | S6: WQG | T6: Code
A7: III | B7: DO (mg/L) | C7: 1 | D7: Catmon Bridge | E7: Catmon, Sta. Maria, Bulacan | F7: 1.9 | G7: 1.59 | H7: 2.03 | I7: 1.21 | J7: 2.16 | K7: 3.58 | L7: 4 | M7: 3.41 | N7: 3.9 | O7: 3.69 | P7: 3.29 | Q7: 2.99 | R7: =IFERROR(AVERAGE(F7:Q7), 0) -> 2.8125 | S7: 5 | T7: STM_1 | X7: Water Quality Statistical Report
B8: DO (mg/L) | C8: 2 | D8: Poblacion Bridge | E8: Poblacion, Sta. Maria, Bulacan | F8: 2.8 | G8: 1.67 | H8: 3.12 | I8: 3.18 | J8: 2.11 | K8: 4.1 | L8: 4.2 | M8: 3.51 | N8: 5.28 | O8: 4.8 | P8: 4.38 | Q8: 3.25 | R8: =IFERROR(AVERAGE(F8:Q8), 0) -> 3.5333333 | S8: 5 | T8: STM_2 | X8: 1st Semi-Annual 2025
B9: DO (mg/L) | C9: 3 | D9: Sta. Clara Bridge | E9: Sta. Clara, Sta. Maria, Bulacan | F9: 2.7 | G9: 1.89 | H9: 1.1 | I9: 1.19 | J9: 2.59 | K9: 4.18 | L9: 4.1 | M9: 3.81 | N9: 5.25 | O9: 4.83 | P9: 4.89 | Q9: 3.09 | R9: =IFERROR(AVERAGE(F9:Q9), 0) -> 3.3016667 | S9: 5 | T9: STM_3 | AC9: PARAMETERS
B10: BOD (mg/L) | C10: 1 | D10: Catmon Bridge | E10: Catmon, Sta. Maria, Bulacan | F10: 10 | G10: 22 | H10: 13 | I10: 24 | J10: 7 | K10: 8 | L10: 7 | M10: 11 | N10: 36 | O10: 44 | P10: 20 | Q10: 32 | R10: =IFERROR(AVERAGE(F10:Q10), 0) -> 19.5 | S10: 7 | T10: STM_1 | X10: Province / Municipality | Y10: Waterbody | Z10: Class | AA10: No. of Station | AB10: Name of Station | AC10: DO | AD10: BOD | AE10: TSS | AF10: pH | AG10: TEMP | AH10: COLOR | AI10: FECAL COLIFORM | AJ10: NITRATES | AK10: PHOSPHATES | AL10: CHLORIDES
B11: BOD (mg/L) | C11: 2 | D11: Poblacion Bridge | E11: Poblacion, Sta. Maria, Bulacan | F11: 6 | G11: 8 | H11: 5 | I11: 6 | J11: 6 | K11: 7 | L11: 5 | M11: 4 | N11: 11 | O11: 9 | P11: 5 | Q11: 9 | R11: =IFERROR(AVERAGE(F11:Q11), 0) -> 6.75 | S11: 7 | T11: STM_2 | X11: STA. MARIA, BULACAN | Y11: STA. MARIA RIVER | Z11: C | AA11: 1 | AB11: Bridge near public Market (UBVAS) | AC11: =AVERAGE(F7:K7) -> 2.0783333 | AD11: =AVERAGE(F10:K10) -> 14 | AE11: =AVERAGE(F13:K13) -> 35.166667 | AF11: =AVERAGE(F16:K16) -> 7.0566667 | AG11: =AVERAGE(F19:K19) -> 28.95 | AH11: =AVERAGE(F22:K22) -> 27.666667 | AI11: =GEOMEAN(F25:K25) -> 209496.82 | AJ11: =AVERAGE(F28:K28) -> 0.602 | AK11: =AVERAGE(F31:K31) -> 1.2876667 | AL11: =AVERAGE(F34:K34) -> 118.16667
B12: BOD (mg/L) | C12: 3 | D12: Sta. Clara Bridge | E12: Sta. Clara, Sta. Maria, Bulacan | F12: 23 | G12: 12 | H12: 16 | I12: 11 | J12: 6 | K12: 7 | L12: 6 | M12: 6 | N12: 12 | O12: 12 | P12: 5 | Q12: 33 | R12: =IFERROR(AVERAGE(F12:Q12), 0) -> 12.416667 | S12: 7 | T12: STM_3 | AA12: 2 | AB12: McArthur Bridge | AC12: =AVERAGE(F8:K8) -> 2.83 | AD12: =AVERAGE(F11:K11) -> 6.3333333 | AE12: =AVERAGE(F14:K14) -> 30.166667 | AF12: =AVERAGE(F17:K17) -> 7.0783333 | AG12: =AVERAGE(F20:K20) -> 28.933333 | AH12: =AVERAGE(F23:K23) -> 23.833333 | AI12: =GEOMEAN(F26:K26) -> 120566.29 | AJ12: =AVERAGE(F29:K29) -> 0.75666667 | AK12: =AVERAGE(F32:K32) -> 0.95833333 | AL12: =AVERAGE(F35:K35) -> 133.66667
B13: TSS (mg/L) | C13: 1 | D13: Catmon Bridge | E13: Catmon, Sta. Maria, Bulacan | F13: 12 | G13: 16 | H13: 57 | I13: 18 | J13: 75 | K13: 33 | L13: 114 | M13: 44 | N13: 32 | O13: 22 | P13: 27 | Q13: 32 | R13: =IFERROR(AVERAGE(F13:Q13), 0) -> 40.166667 | S13: 80 | T13: STM_1 | AA13: 3 | AB13: Expressway Bridge | AC13: =AVERAGE(F9:K9) -> 2.275 | AD13: =AVERAGE(F12:K12) -> 12.5 | AE13: =AVERAGE(F15:K15) -> 31.333333 | AF13: =AVERAGE(F18:K18) -> 7.0566667 | AG13: =AVERAGE(F21:K21) -> 29 | AH13: =AVERAGE(F24:K24) -> 30.833333 | AI13: =GEOMEAN(F27:K27) -> 335839.96 | AJ13: =AVERAGE(F30:K30) -> 0.72383333 | AK13: =AVERAGE(F33:K33) -> 1.1021667 | AL13: =AVERAGE(F36:K36) -> 167
B14: TSS (mg/L) | C14: 2 | D14: Poblacion Bridge | E14: Poblacion, Sta. Maria, Bulacan | F14: 9 | G14: 12 | H14: 10 | I14: 31 | J14: 69 | K14: 50 | L14: 100 | M14: 31 | N14: 124 | O14: 34 | P14: 43 | Q14: 37 | R14: =IFERROR(AVERAGE(F14:Q14), 0) -> 45.833333 | S14: 80 | T14: STM_2
B15: TSS (mg/L) | C15: 3 | D15: Sta. Clara Bridge | E15: Sta. Clara, Sta. Maria, Bulacan | F15: 11 | G15: 14 | H15: 32 | I15: 9 | J15: 68 | K15: 54 | L15: 148 | M15: 32 | N15: 101 | O15: 23 | P15: 38 | Q15: 42 | R15: =IFERROR(AVERAGE(F15:Q15), 0) -> 47.666667 | S15: 80 | T15: STM_3 | X15: AVERAGE | AC15: =AVERAGE(AC11:AC13) -> 2.3944444 | AD15: =AVERAGE(AD11:AD13) -> 10.944444 | AE15: =AVERAGE(AE11:AE13) -> 32.222222 | AF15: =AVERAGE(AF11:AF13) -> 7.0638889 | AG15: =AVERAGE(AG11:AG13) -> 28.961111 | AH15: =AVERAGE(AH11:AH13) -> 27.444444 | AI15: =AVERAGE(AI11:AI13) -> 221967.69 | AJ15: =AVERAGE(AJ11:AJ13) -> 0.69416667 | ... AL15: =AVERAGE(AL11:AL13) -> 139.61111
B16: pH | C16: 1 | D16: Catmon Bridge | E16: Catmon, Sta. Maria, Bulacan | F16: 7.1 | G16: 7.08 | H16: 7 | I16: 6.98 | J16: 7.08 | K16: 7.1 | L16: 7.05 | M16: 7.59 | N16: 7.69 | O16: 7.29 | P16: 7.03 | Q16: 7.03 | R16: =IFERROR(AVERAGE(F16:Q16), 0) -> 7.1683333 | S16: 6.5-9.0 | T16: STM_1 | X16: MINIMUM | AC16: =MIN(AC11:AC13) -> 2.0783333 | AD16: =MIN(AD11:AD13) -> 6.3333333 | AE16: =MIN(AE11:AE13) -> 30.166667 | AF16: =MIN(AF11:AF13) -> 7.0566667 | AG16: =MIN(AG11:AG13) -> 28.933333 | AH16: =MIN(AH11:AH13) -> 23.833333 | AI16: =MIN(AI11:AI13) -> 120566.29 | AJ16: =MIN(AJ11:AJ13) -> 0.602 | ... AL16: =MIN(AL11:AL13) -> 118.16667
B17: pH | C17: 2 | D17: Poblacion Bridge | E17: Poblacion, Sta. Maria, Bulacan | F17: 7 | G17: 7.11 | H17: 7.11 | I17: 7.03 | J17: 7.04 | K17: 7.18 | L17: 7.09 | M17: 7.63 | N17: 7.81 | O17: 7.62 | P17: 7.21 | Q17: 7.09 | R17: =IFERROR(AVERAGE(F17:Q17), 0) -> 7.2433333 | S17: 6.5-9.0 | T17: STM_2 | X17: MAXIMUM | AC17: =MAX(AC11:AC13) -> 2.83 | AD17: =MAX(AD11:AD13) -> 14 | AE17: =MAX(AE11:AE13) -> 35.166667 | AF17: =MAX(AF11:AF13) -> 7.0783333 | AG17: =MAX(AG11:AG13) -> 29 | AH17: =MAX(AH11:AH13) -> 30.833333 | AI17: =MAX(AI11:AI13) -> 335839.96 | AJ17: =MAX(AJ11:AJ13) -> 0.75666667 | ... AL17: =MAX(AL11:AL13) -> 167
B18: pH | C18: 3 | D18: Sta. Clara Bridge | E18: Sta. Clara, Sta. Maria, Bulacan | F18: 7 | G18: 7.09 | H18: 7.02 | I18: 7.03 | J18: 7.05 | K18: 7.15 | L18: 7.1 | M18: 7.5 | N18: 7.92 | O18: 7.58 | P18: 7.15 | Q18: 7.18 | R18: =IFERROR(AVERAGE(F18:Q18), 0) -> 7.2308333 | S18: 6.5-9.0 | T18: STM_3 | X18: STANDARD | AC18: 5 mg/L | AD18: 7 mg/L | AE18: 80 mg/L | AF18: 6.5-9.0 | AG18: 25-31 °C | AH18: 75 TCU | AI18: 200 MPN/100 L | AJ18: 7 mg/L | AK18: 0.025 mg/L | AL18: 350 mg/L
B19: Temp. (°C) | C19: 1 | D19: Catmon Bridge | E19: Catmon, Sta. Maria, Bulacan | F19: 27.3 | G19: 29.2 | H19: 28.5 | I19: 30 | J19: 29.9 | K19: 28.8 | L19: 27.1 | M19: 30.1 | N19: 27.1 | O19: 27.5 | P19: 29.1 | Q19: 27.1 | R19: =IFERROR(AVERAGE(F19:Q19), 0) -> 28.475 | S19: 25-31 | T19: STM_1
B20: Temp. (°C) | C20: 2 | D20: Poblacion Bridge | E20: Poblacion, Sta. Maria, Bulacan | F20: 27 | G20: 29.2 | H20: 28.6 | I20: 30.1 | J20: 30 | K20: 28.7 | L20: 27.1 | M20: 30.1 | N20: 27.8 | O20: 27.5 | P20: 28.9 | Q20: 27.1 | R20: =IFERROR(AVERAGE(F20:Q20), 0) -> 28.508333 | S20: 25-31 | T20: STM_2
B21: Temp. (°C) | C21: 3 | D21: Sta. Clara Bridge | E21: Sta. Clara, Sta. Maria, Bulacan | F21: 27 | G21: 29 | H21: 29 | I21: 30.3 | J21: 29.9 | K21: 28.8 | L21: 27.1 | M21: 30.4 | N21: 28.1 | O21: 27.5 | P21: 28.5 | Q21: 27.2 | R21: =IFERROR(AVERAGE(F21:Q21), 0) -> 28.566667 | S21: 25-31 | T21: STM_3 | X21: Water Quality Statistical Report
B22: Color (TCU) | C22: 1 | D22: Catmon Bridge | E22: Catmon, Sta. Maria, Bulacan | F22: 25 | G22: 35 | H22: 20 | I22: 40 | J22: 25 | K22: 21 | L22: 35 | M22: 20 | N22: 35 | O22: 50 | P22: 10 | Q22: 15 | R22: =IFERROR(AVERAGE(F22:Q22), 0) -> 27.583333 | S22: 75 | T22: STM_1 | X22: Annual 2025
B23: Color (TCU) | C23: 2 | D23: Poblacion Bridge | E23: Poblacion, Sta. Maria, Bulacan | F23: 20 | G23: 35 | H23: 20 | I23: 20 | J23: 25 | K23: 23 | L23: 30 | M23: 10 | N23: 15 | O23: 20 | P23: 10 | Q23: 30 | R23: =IFERROR(AVERAGE(F23:Q23), 0) -> 21.5 | S23: 75 | T23: STM_2 | AC23: PARAMETERS
B24: Color (TCU) | C24: 3 | D24: Sta. Clara Bridge | E24: Sta. Clara, Sta. Maria, Bulacan | F24: 50 | G24: 20 | H24: 40 | I24: 25 | J24: 25 | K24: 25 | L24: 30 | M24: 15 | N24: 20 | O24: 20 | P24: 15 | Q24: 20 | R24: =IFERROR(AVERAGE(F24:Q24), 0) -> 25.416667 | S24: 75 | T24: STM_3 | X24: Province / Municipality | Y24: Waterbody | Z24: Class | AA24: No. of Station | AB24: Name of Station | AC24: DO | AD24: BOD | AE24: TSS | AF24: pH | AG24: TEMP | AH24: COLOR | AI24: FECAL COLIFORM | AJ24: NITRATES | AK24: PHOSPHATES | AL24: CHLORIDES
B25: Fecal Coliform (MPN/100mL) | C25: 1 | D25: Catmon Bridge | E25: Catmon, Sta. Maria, Bulacan | F25: 110000 | G25: 170000 | H25: 92000 | I25: 540000 | J25: 70000 | K25: 1300000 | L25: 350000 | M25: 79000 | N25: 540000 | O25: 330000 | P25: 16000000 | Q25: 540000 | R25: =IFERROR(GEOMEAN(F25:Q25), "") -> 351842.61 | S25: 200 | T25: STM_1 | X25: STA. MARIA, BULACAN | Y25: STA. MARIA RIVER | Z25: C | AA25: 1 | AB25: Bridge near public Market (UBVAS) | AC25: =R7 -> 2.8125 | AD25: =R10 -> 19.5 | AE25: =R13 -> 40.166667 | AF25: =R16 -> 7.1683333 | AG25: =R19 -> 28.475 | AH25: =R22 -> 27.583333 | AI25: =R25 -> 351842.61 | AJ25: =R28 -> 0.71233333 | AK25: =R31 -> 1.314 | AL25: =R34 -> 70.666667
B26: Fecal Coliform (MPN/100mL) | C26: 2 | D26: Poblacion Bridge | E26: Poblacion, Sta. Maria, Bulacan | F26: 92000 | G26: 350000 | H26: 92000 | I26: 46000 | J26: 46000 | K26: 490000 | L26: 160000 | M26: 1600000 | N26: 240000 | O26: 460000 | P26: 140000 | Q26: 130000 | R26: =IFERROR(GEOMEAN(F26:Q26), "") -> 184736.62 | S26: 200 | T26: STM_2 | AA26: 2 | AB26: McArthur Bridge | AC26: =R8 -> 3.5333333 | AD26: =R11 -> 6.75 | AE26: =R14 -> 45.833333 | AF26: =R17 -> 7.2433333 | AG26: =R20 -> 28.508333 | AH26: =R23 -> 21.5 | AI26: =R26 -> 184736.62 | AJ26: =R29 -> 1.0526667 | AK26: =R32 -> 0.7815 | AL26: =R35 -> 80.333333
B27: Fecal Coliform (MPN/100mL) | C27: 3 | D27: Sta. Clara Bridge | E27: Sta. Clara, Sta. Maria, Bulacan | F27: 790000 | G27: 540000 | H27: 1600000 | I27: 130000 | J27: 49000 | K27: 330000 | L27: 160000 | M27: 1100000 | N27: 350000 | O27: 490000 | P27: 70000 | Q27: 79000 | R27: =IFERROR(GEOMEAN(F27:Q27), "") -> 280720.85 | S27: 200 | T27: STM_3 | AA27: 3 | AB27: Expressway Bridge | AC27: =R9 -> 3.3016667 | AD27: =R12 -> 12.416667 | AE27: =R15 -> 47.666667 | AF27: =R18 -> 7.2308333 | AG27: =R21 -> 28.566667 | AH27: =R24 -> 25.416667 | AI27: =R27 -> 280720.85 | AJ27: =R30 -> 0.88433333 | AK27: =R33 -> 0.85933333 | AL27: =R36 -> 93.916667
B28: NO3-N (mg/L) | C28: 1 | D28: Catmon Bridge | E28: Catmon, Sta. Maria, Bulacan | F28: 0.093 | G28: 0.17 | H28: 0.413 | I28: 0.426 | J28: 0.683 | K28: 1.827 | L28: 2.17 | M28: 0.947 | N28: 0.709 | O28: 0.67 | P28: 0.269 | Q28: 0.171 | R28: =IFERROR(AVERAGE(F28:Q28), 0) -> 0.71233333 | S28: 7 | T28: STM_1
B29: NO3-N (mg/L) | C29: 2 | D29: Poblacion Bridge | E29: Poblacion, Sta. Maria, Bulacan | F29: 0.997 | G29: 0.241 | H29: 0.443 | I29: 0.467 | J29: 0.784 | K29: 1.608 | L29: 2.715 | M29: 1.088 | N29: 0.852 | O29: 1.851 | P29: 0.739 | Q29: 0.847 | R29: =IFERROR(AVERAGE(F29:Q29), 0) -> 1.0526667 | S29: 7 | T29: STM_2 | X29: AVERAGE | AC29: =AVERAGE(AC25:AC27) -> 3.2158333 | AD29: =AVERAGE(AD25:AD27) -> 12.888889 | AE29: =AVERAGE(AE25:AE27) -> 44.555556 | AF29: =AVERAGE(AF25:AF27) -> 7.2141667 | AG29: =AVERAGE(AG25:AG27) -> 28.516667 | AH29: =AVERAGE(AH25:AH27) -> 24.833333 | AI29: =AVERAGE(AI25:AI27) -> 272433.36 | AJ29: =AVERAGE(AJ25:AJ27) -> 0.88311111 | ... AL29: =AVERAGE(AL25:AL27) -> 81.638889
B30: NO3-N (mg/L) | C30: 3 | D30: Sta. Clara Bridge | E30: Sta. Clara, Sta. Maria, Bulacan | F30: 0.985 | G30: 0.203 | H30: 0.627 | I30: 0.439 | J30: 0.975 | K30: 1.114 | L30: 2 | M30: 1.162 | N30: 0.533 | O30: 1.58 | P30: 0.6 | Q30: 0.394 | R30: =IFERROR(AVERAGE(F30:Q30), 0) -> 0.88433333 | S30: 7 | T30: STM_3 | X30: MINIMUM | AC30: =MIN(AC25:AC27) -> 2.8125 | AD30: =MIN(AD25:AD27) -> 6.75 | AE30: =MIN(AE25:AE27) -> 40.166667 | AF30: =MIN(AF25:AF27) -> 7.1683333 | AG30: =MIN(AG25:AG27) -> 28.475 | AH30: =MIN(AH25:AH27) -> 21.5 | AI30: =MIN(AI25:AI27) -> 184736.62 | AJ30: =MIN(AJ25:AJ27) -> 0.71233333 | ... AL30: =MIN(AL25:AL27) -> 70.666667
B31: PO4-P (mg/L) | C31: 1 | D31: Catmon Bridge | E31: Catmon, Sta. Maria, Bulacan | F31: 0.242 | G31: 0.989 | H31: 2.779 | I31: 1.098 | J31: 1.864 | K31: 0.754 | L31: 0.52 | M31: 0.917 | N31: 0.422 | O31: 2.263 | P31: 1.512 | Q31: 2.408 | R31: =IFERROR(AVERAGE(F31:Q31), 0) -> 1.314 | S31: 0.025 | T31: STM_1 | X31: MAXIMUM | AC31: =MAX(AC25:AC27) -> 3.5333333 | AD31: =MAX(AD25:AD27) -> 19.5 | AE31: =MAX(AE25:AE27) -> 47.666667 | AF31: =MAX(AF25:AF27) -> 7.2433333 | AG31: =MAX(AG25:AG27) -> 28.566667 | AH31: =MAX(AH25:AH27) -> 27.583333 | AI31: =MAX(AI25:AI27) -> 351842.61 | AJ31: =MAX(AJ25:AJ27) -> 1.0526667 | ... AL31: =MAX(AL25:AL27) -> 93.916667
B32: PO4-P (mg/L) | C32: 2 | D32: Poblacion Bridge | E32: Poblacion, Sta. Maria, Bulacan | F32: 0.035 | G32: 0.983 | H32: 1.528 | I32: 1.079 | J32: 1.309 | K32: 0.816 | L32: 0.58 | M32: 0.422 | N32: 0.62 | O32: 0.722 | P32: 0.431 | Q32: 0.853 | R32: =IFERROR(AVERAGE(F32:Q32), 0) -> 0.7815 | S32: 0.025 | T32: STM_2 | X32: STANDARD | AC32: 5 mg/L | AD32: 7 mg/L | AE32: 80 mg/L | AF32: 6.5-9.0 | AG32: 25-31 °C | AH32: 75 TCU | AI32: 200 MPN/100 L | AJ32: 7 mg/L | AK32: 0.025 mg/L | AL32: 350 mg/L
B33: PO4-P (mg/L) | C33: 3 | D33: Sta. Clara Bridge | E33: Sta. Clara, Sta. Maria, Bulacan | F33: 0.374 | G33: 0.987 | H33: 1.896 | I33: 1.171 | J33: 1.327 | K33: 0.858 | L33: 0.38 | M33: 0.48 | N33: 0.664 | O33: 0.803 | P33: 0.382 | Q33: 0.99 | R33: =IFERROR(AVERAGE(F33:Q33), 0) -> 0.85933333 | S33: 0.025 | T33: STM_3
B34: Cl- (mg/L) | C34: 1 | D34: Catmon Bridge | E34: Catmon, Sta. Maria, Bulacan | F34: 272 | G34: 59 | H34: 63 | I34: 216 | J34: 78 | K34: 21 | L34: 12 | M34: 25 | N34: 25 | O34: 28 | P34: 7 | Q34: 42 | R34: =IFERROR(AVERAGE(F34:Q34), 0) -> 70.666667 | S34: 350 | T34: STM_1
B35: Cl- (mg/L) | C35: 2 | D35: Poblacion Bridge | E35: Poblacion, Sta. Maria, Bulacan | F35: 292 | G35: 73 | H35: 291 | I35: 44 | J35: 79 | K35: 23 | L35: 15 | M35: 17 | N35: 13 | O35: 21 | P35: 6 | Q35: 90 | R35: =IFERROR(AVERAGE(F35:Q35), 0) -> 80.333333 | S35: 350 | T35: STM_2
B36: Cl- (mg/L) | C36: 3 | D36: Sta. Clara Bridge | E36: Sta. Clara, Sta. Maria, Bulacan | F36: 356 | G36: 128 | H36: 246 | I36: 167 | J36: 80 | K36: 25 | L36: 15 | M36: 22 | N36: 14 | O36: 21 | P36: 7 | Q36: 46 | R36: =IFERROR(AVERAGE(F36:Q36), 0) -> 93.916667 | S36: 350 | T36: STM_3
B37: Observations | C37: 1 | D37: Catmon Bridge | E37: Catmon, Sta. Maria, Bulacan | F37: Residential area, presence of few floating of solid waste | G37: Residential area, presence of few floating of solid waste. | H37: Residential area, presemnce of few floating of solid waste | I37: Residential area, floating of few solid wastes | J37: Residential area, floating of few solid wastes | K37: Turbid water, thick vegetation on river banks | L37: Turbid water, residential area and presence of few floating solid waste | M37: residential area, presence of few floating of solid waste | N37: presence of few solid waste, water discharge from drainage canal | O37: water drainage from barangay canal, presence of few solid waste | P37: presence of few rotten leaves and solid waste, residential area | Q37: Presence of solid waste/near residential area | T37: STM_1
C38: 2 | D38: Poblacion Bridge | E38: Poblacion, Sta. Maria, Bulacan | F38: Residential area, observed informal settlers residing near the station, near jeepney terminal, presence of few floating of solid waste | G38: Residential area, jeepney Terminal, presence of few informal settlers near the station | H38: Near residential area, near jeepney ternminal, presence of few solid waste | I38: Residential / commercial area, presence of informal settlers along the river bank, near jeepney terminal | J38: Residential / commercial area, presence of informal settlers along the river bank, near jeepney terminal | K38: Turbid water, presence of informal settlers under the bridge and near jeepney terminal. | L38: Turbid water, presence of informal settlers under the bridge and near jeepney terminal. | M38: presence of few solid waste, presence of people fishing | N38: turbid water, presence of solid waste, visible of informal setlers (IP"s) | O38: presence of few solid waste, visible of informal shelter, residential area and jeepney terminal | P38: visible of people catching fish and informal shelter, discharge water from drainage canal | Q38: Presence of solid waste/ discharge from drainage canal observed/ ISFs observed near station | T38: STM_2
C39: 3 | D39: Sta. Clara Bridge | E39: Sta. Clara, Sta. Maria, Bulacan | F39: Mixed land/ Area, presence of few floating of solid waste and water lily | G39: Residential area, presence of few floating of solid waste and water lily. | H39: Mixed land, presence of few solid waste and rotten water lily afloat | I39: Residential area, floating of few solid waste and water lily | J39: Mixed land, presence of few floating solid waste and water lily | K39: Turbid water, residential area, presence of few floating of solid waste | L39: Turbid water, residential area and presence of few floating solid waste | M39: residential area, presence of few solid waste | N39: turbid water, presence of solid waste | O39: presence of few solid waste, residential area | P39: residential area, presence of few solid waste | Q39: Presence of solid waste/Near residential area | T39: STM_3
C40: Date of sampling | F40: 16 | G40: 18 | H40: 19 | I40: 11 | J40: 23 | K40: 18 | L40: 3 | M40: 27 | N40: 19 | O40: 16 | P40: 13
E71: ANALYSIS:
E72: Sta. Maria River shows signs of moderate to severe pollution. Dissolved oxygen (DO) levels were consistently low, averaging 2.8–3.5 mg/L, below the 5 mg/L guideline, which can stress or harm aquatic life. Organic pollution is evident, with BOD values at 6.8–19.5 mg/L, particularly high at Catmon and Sta. Clara Bridges, suggesting contamination from residential, commercial, and informal settlements along the river. Suspended solids (TSS) were generally below the 80 mg/L limit but spiked in some months, reaching up to 148 mg/L, likely due to runoff, construction, and human activities. The pH and temperature were within normal ranges, but nutrient levels, especially phosphates (PO4-P), were far above the 0.025 mg/L limit, indicating high potential for algae blooms. Fecal coliform counts were extremely high, averaging 184,000–281,000 MPN/100 mL, greatly exceeding the 200 MPN/100 mL standard, pointing to contamination from domestic wastewater and drainage. Observations at all stations noted turbid water, floating solid waste, water lilies, and human activity near the riverbank. Overall: The river suffers from bacterial contamination, high nutrients, moderate organic pollution, and sediment, largely driven by human activities along its banks.

Sheet ATLAG RIVER
C1: SUMMARY REPORT OF WATER QUALITY MONITORING DATA
C2: SUBMITTED BY THE REGIONAL OFFICES
C3: CY 2025
C4: ATLAG RIVER
C5: CLASS C ( 3 STATIONS )
A6: Region | B6: Parameter | C6: Stn. No. | D6: Stn. ID | E6: Address | F6: 1st Quarter | G6: 2nd Quarter | H6: 3rd Quarter | I6: 4th Quarter | J6: Average/Geomean | K6: WQG | L6: Code | P6: Water Quality Statistical Report
A7: III | B7: DO (mg/L) | C7: 1 | D7: Bridge near Villa Santiago Compound | E7: Brgy. Balayon, Malolos, Bulacan | F7: 1.51 | G7: 0.7 | H7: 0.5 | I7: 4.1 | J7: =IFERROR(AVERAGE(F7:I7), 0) -> 1.7025 | K7: 5 | L7: ATL_1 | P7: Annual 2025
C8: 2 | D8: Libo Bridge | E8: Brgy. Balayon, Malolos, Bulacan | F8: 0.43 | G8: 0.55 | H8: 0.1 | I8: 3.53 | J8: =IFERROR(AVERAGE(F8:I8), 0) -> 1.1525 | K8: 5 | L8: ATL_2 | U8: PARAMETERS
C9: 3 | D9: Atlag Bridge | E9: Brgy. Panasahan, Malolos, Bulacan | F9: 0.47 | G9: 1.28 | H9: 2.2 | I9: 3.18 | J9: =IFERROR(AVERAGE(F9:I9), 0) -> 1.7825 | K9: 5 | L9: ATL_3 | P9: Province / Municipality | Q9: Waterbody | R9: Class | S9: No. of Station | T9: Name of Station | U9: DO | V9: BOD | W9: TSS | X9: pH | Y9: TEMP | Z9: COLOR | AA9: FECAL COLIFORM | AB9: NITRATES | AC9: PHOSPHATES | AD9: CHLORIDES
B10: BOD mg/L | C10: 1 | D10: Bridge near Villa Santiago Compound | E10: Brgy. Balayon, Malolos, Bulacan | F10: 11 | G10: 19 | H10: 8 | I10: 21 | J10: =IFERROR(AVERAGE(F10:I10), 0) -> 14.75 | K10: 7 | L10: ATL_1 | P10: MALOLOS, BULACAN | Q10: ATLAG RIVER | R10: C | S10: 1 | T10: Bridge near Villa Santiago Compound | U10: =AVERAGE(F7:I7) -> 1.7025 | V10: =AVERAGE(F10:I10) -> 14.75 | W10: =AVERAGE(F13:I13) -> 21.5 | X10: =AVERAGE(E16:J16) -> 7.3475 | Y10: =AVERAGE(F19:I19) -> 29.2 | Z10: =AVERAGE(F22:I22) -> 30 | AA10: =GEOMEAN(F25:I25) -> 84093.593 | AB10: =AVERAGE(F28:I28) -> 0.1755 | AC10: =AVERAGE(F31:I31) -> 0.344 | AD10: =AVERAGE(F34:I34) -> 111
C11: 2 | D11: Libo Bridge | E11: Brgy. Balayon, Malolos, Bulacan | F11: 22 | G11: 24 | H11: 15 | I11: 22 | J11: =IFERROR(AVERAGE(F11:I11), 0) -> 20.75 | K11: 7 | L11: ATL_2 | S11: 2 | T11: Libo Bridge | U11: =AVERAGE(F8:I8) -> 1.1525 | V11: =AVERAGE(F11:I11) -> 20.75 | W11: =AVERAGE(F14:I14) -> 20.25 | X11: =AVERAGE(E17:J17) -> 7.2175 | Y11: =AVERAGE(F20:I20) -> 29.45 | Z11: =AVERAGE(F23:I23) -> 41.25 | AA11: =GEOMEAN(F26:I26) -> 116974.23 | AB11: =AVERAGE(F29:I29) -> 0.15925 | AC11: =AVERAGE(F32:I32) -> 0.52025 | AD11: =AVERAGE(F35:I35) -> 167.25
C12: 3 | D12: Atlag Bridge | E12: Brgy. Panasahan, Malolos, Bulacan | F12: 6 | G12: 16 | H12: 4 | I12: 21 | J12: =IFERROR(AVERAGE(F12:I12), 0) -> 11.75 | K12: 7 | L12: ATL_3 | S12: 3 | T12: Atlag Bridge | U12: =AVERAGE(F9:I9) -> 1.7825 | V12: =AVERAGE(F12:I12) -> 11.75 | W12: =AVERAGE(F15:I15) -> 38.75 | X12: =AVERAGE(E18:J18) -> 7.4875 | Y12: =AVERAGE(F21:I21) -> 30.25 | Z12: =AVERAGE(F24:I24) -> 32.5 | AA12: =GEOMEAN(F27:I27) -> 116947.78 | AB12: =AVERAGE(F30:I30) -> 0.15825 | AC12: =AVERAGE(F33:I33) -> 0.5835 | AD12: =AVERAGE(F36:I36) -> 52
B13: TSS (mg/L) | C13: 1 | D13: Bridge near Villa Santiago Compound | E13: Brgy. Balayon, Malolos, Bulacan | F13: 16 | G13: 21 | H13: 22 | I13: 27 | J13: =IFERROR(AVERAGE(F13:I13), 0) -> 21.5 | K13: 80 | L13: ATL_1
C14: 2 | D14: Libo Bridge | E14: Brgy. Balayon, Malolos, Bulacan | F14: 6 | G14: 27 | H14: 14 | I14: 34 | J14: =IFERROR(AVERAGE(F14:I14), 0) -> 20.25 | K14: 80 | L14: ATL_2 | P14: AVERAGE | U14: =AVERAGE(U10:U12) -> 1.5458333 | V14: =AVERAGE(V10:V12) -> 15.75 | W14: =AVERAGE(W10:W12) -> 26.833333 | X14: =AVERAGE(X10:X12) -> 7.3508333 | Y14: =AVERAGE(Y10:Y12) -> 29.633333 | Z14: =AVERAGE(Z10:Z12) -> 34.583333 | AA14: =AVERAGE(AA10:AA12) -> 106005.2 | AB14: =AVERAGE(AB10:AB12) -> 0.16433333 | ... AD14: =AVERAGE(AD10:AD12) -> 110.08333
C15: 3 | D15: Atlag Bridge | E15: Brgy. Panasahan, Malolos, Bulacan | F15: 10 | G15: 96 | H15: 24 | I15: 25 | J15: =IFERROR(AVERAGE(F15:I15), 0) -> 38.75 | K15: 80 | L15: ATL_3 | P15: MINIMUM | U15: =MIN(U10:U12) -> 1.1525 | V15: =MIN(V10:V12) -> 11.75 | W15: =MIN(W10:W12) -> 20.25 | X15: =MIN(X10:X12) -> 7.2175 | Y15: =MIN(Y10:Y12) -> 29.2 | Z15: =MIN(Z10:Z12) -> 30 | AA15: =MIN(AA10:AA12) -> 84093.593 | AB15: =MIN(AB10:AB12) -> 0.15825 | ... AD15: =MIN(AD10:AD12) -> 52
B16: pH | C16: 1 | D16: Bridge near Villa Santiago Compound | E16: Brgy. Balayon, Malolos, Bulacan | F16: 7.68 | G16: 6.82 | H16: 7.18 | I16: 7.71 | J16: =IFERROR(AVERAGE(F16:I16), 0) -> 7.3475 | K16: 6.5-9.0 | L16: ATL_1 | P16: MAXIMUM | U16: =MAX(U10:U12) -> 1.7825 | V16: =MAX(V10:V12) -> 20.75 | W16: =MAX(W10:W12) -> 38.75 | X16: =MAX(X10:X12) -> 7.4875 | Y16: =MAX(Y10:Y12) -> 30.25 | Z16: =MAX(Z10:Z12) -> 41.25 | AA16: =MAX(AA10:AA12) -> 116974.23 | AB16: =MAX(AB10:AB12) -> 0.1755 | ... AD16: =MAX(AD10:AD12) -> 167.25
C17: 2 | D17: Libo Bridge | E17: Brgy. Balayon, Malolos, Bulacan | F17: 7.51 | G17: 6.74 | H17: 7.11 | I17: 7.51 | J17: =IFERROR(AVERAGE(F17:I17), 0) -> 7.2175 | K17: 6.5-9.0 | L17: ATL_2 | P17: STANDARD | U17: 5 mg/L | V17: 7 mg/L | W17: 80 mg/L | X17: 6.5-9.0 | Y17: 25-31 °C | Z17: 75 TCU | AA17: 200 MPN/100 L | AB17: 7 mg/L | AC17: 0.025 mg/L | AD17: 350 mg/L
C18: 3 | D18: Atlag Bridge | E18: Brgy. Panasahan, Malolos, Bulacan | F18: 7.62 | G18: 7.2 | H18: 7.5 | I18: 7.63 | J18: =IFERROR(AVERAGE(F18:I18), 0) -> 7.4875 | K18: 6.5-9.0 | L18: ATL_3
B19: Temp. (°C) | C19: 1 | D19: Bridge near Villa Santiago Compound | E19: Brgy. Balayon, Malolos, Bulacan | F19: 26.9 | G19: 30.4 | H19: 30 | I19: 29.5 | J19: =IFERROR(AVERAGE(F19:I19), 0) -> 29.2 | K19: 25-31 | L19: ATL_1
C20: 2 | D20: Libo Bridge | E20: Brgy. Balayon, Malolos, Bulacan | F20: 27.1 | G20: 30.9 | H20: 30.9 | I20: 28.9 | J20: =IFERROR(AVERAGE(F20:I20), 0) -> 29.45 | K20: 25-31 | L20: ATL_2
C21: 3 | D21: Atlag Bridge | E21: Brgy. Panasahan, Malolos, Bulacan | F21: 27.7 | G21: 33.9 | H21: 30.5 | I21: 28.9 | J21: =IFERROR(AVERAGE(F21:I21), 0) -> 30.25 | K21: 25-31 | L21: ATL_3
B22: Color (TCU) | C22: 1 | D22: Bridge near Villa Santiago Compound | E22: Brgy. Balayon, Malolos, Bulacan | F22: 30 | G22: 30 | H22: 40 | I22: 20 | J22: =IFERROR(AVERAGE(F22:I22), 0) -> 30 | K22: 75 | L22: ATL_1
C23: 2 | D23: Libo Bridge | E23: Brgy. Balayon, Malolos, Bulacan | F23: 25 | G23: 35 | H23: 65 | I23: 40 | J23: =IFERROR(AVERAGE(F23:I23), 0) -> 41.25 | K23: 75 | L23: ATL_2
C24: 3 | D24: Atlag Bridge | E24: Brgy. Panasahan, Malolos, Bulacan | F24: 25 | G24: 35 | H24: 40 | I24: 30 | J24: =IFERROR(AVERAGE(F24:I24), 0) -> 32.5 | K24: 75 | L24: ATL_3
B25: Fecal Coliform (MPN/100mL) | C25: 1 | D25: Bridge near Villa Santiago Compound | E25: Brgy. Balayon, Malolos, Bulacan | F25: 4900 | G25: 540000 | H25: 350000 | I25: 54000 | J25: =IFERROR(GEOMEAN(F25:I25), "") -> 84093.593 | K25: 200 | L25: ATL_1
C26: 2 | D26: Libo Bridge | E26: Brgy. Balayon, Malolos, Bulacan | F26: 7900 | G26: 280000 | H26: 920000 | I26: 92000 | J26: =IFERROR(GEOMEAN(F26:I26), "") -> 116974.23 | K26: 200 | L26: ATL_2
C27: 3 | D27: Atlag Bridge | E27: Brgy. Panasahan, Malolos, Bulacan | F27: 13000 | G27: 1700000 | H27: 92000 | I27: 92000 | J27: =IFERROR(GEOMEAN(F27:I27), "") -> 116947.78 | K27: 200 | L27: ATL_3
B28: NO3-N (mg/L) | C28: 1 | D28: Bridge near Villa Santiago Compound | E28: Brgy. Balayon, Malolos, Bulacan | F28: 0.425 | G28: 0.115 | H28: 0.074 | I28: 0.088 | J28: =IFERROR(AVERAGE(F28:I28), 0) -> 0.1755 | K28: 7 | L28: ATL_1
C29: 2 | D29: Libo Bridge | E29: Brgy. Balayon, Malolos, Bulacan | F29: 0.331 | G29: 0.079 | H29: 0.076 | I29: 0.151 | J29: =IFERROR(AVERAGE(F29:I29), 0) -> 0.15925 | K29: 7 | L29: ATL_2
C30: 3 | D30: Atlag Bridge | E30: Brgy. Panasahan, Malolos, Bulacan | F30: 0.166 | G30: 0.231 | H30: 0.097 | I30: 0.139 | J30: =IFERROR(AVERAGE(F30:I30), 0) -> 0.15825 | K30: 7 | L30: ATL_3
B31: PO4-P (mg/L) | C31: 1 | D31: Bridge near Villa Santiago Compound | E31: Brgy. Balayon, Malolos, Bulacan | F31: 0.047 | G31: 0.358 | H31: 0.569 | I31: 0.402 | J31: =IFERROR(AVERAGE(F31:I31), 0) -> 0.344 | K31: 0.025 | L31: ATL_1
C32: 2 | D32: Libo Bridge | E32: Brgy. Balayon, Malolos, Bulacan | F32: 0.023 | G32: 0.958 | H32: 0.692 | I32: 0.408 | J32: =IFERROR(AVERAGE(F32:I32), 0) -> 0.52025 | K32: 0.025 | L32: ATL_2
C33: 3 | D33: Atlag Bridge | E33: Brgy. Panasahan, Malolos, Bulacan | F33: 0.011 | G33: 0.933 | H33: 0.527 | I33: 0.863 | J33: =IFERROR(AVERAGE(F33:I33), 0) -> 0.5835 | K33: 0.025 | L33: ATL_3
B34: Cl- (mg/L) | C34: 1 | D34: Bridge near Villa Santiago Compound | E34: Brgy. Balayon, Malolos, Bulacan | F34: 159 | G34: 138 | H34: 111 | I34: 36 | J34: =IFERROR(AVERAGE(F34:I34), 0) -> 111 | K34: 350 | L34: ATL_1
C35: 2 | D35: Libo Bridge | E35: Brgy. Balayon, Malolos, Bulacan | F35: 297 | G35: 148 | H35: 198 | I35: 26 | J35: =IFERROR(AVERAGE(F35:I35), 0) -> 167.25 | K35: 350 | L35: ATL_2
C36: 3 | D36: Atlag Bridge | E36: Brgy. Panasahan, Malolos, Bulacan | F36: 66 | G36: 42 | H36: 66 | I36: 34 | J36: =IFERROR(AVERAGE(F36:I36), 0) -> 52 | K36: 350 | L36: ATL_3
B37: Observations | C37: 1 | D37: Bridge near Villa Santiago Compound | E37: Brgy. Balayon, Malolos, Bulacan | F37: Low volume of water Stagnant river Vegetation growing on the riverside Residential area on the riverside | G37: Stagnant Near residential area Overgrown with vegetation Floating solid wastes Possible discharges from households Oil sheen can be seen on the surface of water | H37: Near residential Vegetation growing near the station Floating solid and organic waste Stagnant river | I37: visible of heavy equipment, on-going construction of pumping station | L37: ATL_1
B38: Cl- (mg/L) | C38: 2 | D38: Libo Bridge | E38: Brgy. Balayon, Malolos, Bulacan | F38: Low volume of water Presence of solid waste Stagnant river Vegetation growing on the river Residential area on the riverside | G38: Stagnant Overgrown with vegetation Floating solid wastes Near residential area Possible discharges from households | H38: Near residential Floating solid waste Stagnant river Vegetation growing nearby | I38: agricultural/ residential area, presence of few solid waste | L38: ATL_2
B39: Cl- (mg/L) | C39: 3 | D39: Atlag Bridge | E39: Brgy. Panasahan, Malolos, Bulacan | F39: Low volume of water Presence of solid waste Residential area on the riverside Ongoing construction of pumping station near the bridge Stagnant river | G39: Stagnant Near commercial and residential area Ongoing collection of solid wastes using backhoe Floating solid wastes | H39: Near residential Floating soldi waste Slow flow of water Backhoe seen using to collect solid waste | I39: agricultural/ residential area, presence of few solid waste | L39: ATL_3
D56: Analysis:
D57: Atlag River shows severe water quality problems. Dissolved oxygen (DO) levels are extremely low, averaging 1.15–1.78 mg/L at all stations, well below the 5 mg/L standard, indicating hypoxic conditions harmful to aquatic life. Biochemical oxygen demand (BOD) is high, ranging 11.75–20.75 mg/L, signaling significant organic pollution from domestic and residential sources. Suspended solids (TSS) are mostly under the 80 mg/L limit except for spikes at Atlag Bridge, reaching 96 mg/L, likely due to sediment runoff and solid waste accumulation. pH and temperature remain normal, but nutrient levels, especially phosphates (PO4-P), are far above the 0.025 mg/L guideline, increasing the risk of algal blooms. Fecal coliform counts are extremely high (average 84,000–117,000 MPN/100 mL), greatly exceeding the 200 MPN/100 mL limit, showing contamination from domestic wastewater and stagnant water areas. Observations noted low water volume, stagnant flow, overgrown vegetation, floating solid waste, and ongoing construction near the river, all contributing to pollution and poor water circulation. Overall: Atlag River is heavily impacted by human activity, stagnant water, and nutrient and bacterial contamination, making it unsafe for recreational or fishing purposes.

Sheet HAGONOY RIVER
C1: SUMMARY REPORT OF WATER QUALITY MONITORING DATA
C2: SUBMITTED BY THE REGIONAL OFFICES
C3: CY 2025
C4: HAGONOY RIVER
C5: CLASS C ( 4 STATIONS )
A6: Region | B6: Parameter | C6: Stn. No. | D6: Stn. ID | E6: Address | F6: 1st Quarter | G6: 2nd Quarter | H6: 3rd Quarter | I6: 4th Quarter | J6: Average/Geomean | K6: WQG | L6: Code
A7: III | B7: DO (mg/L) | C7: 1 | D7: Kalsadang Putol Bridge | E7: Brgy. San Jose, Calumpit, Bul. | F7: 3.54 | G7: 3.33 | H7: 5.25 | I7: 5.03 | J7: =IFERROR(AVERAGE(F7:I7), 0) -> 4.2875 | K7: 5 | L7: HAG_1 | O7: Water Quality Statistical Report
B8: DO (mg/L) | C8: 2 | D8: San Juan Bridge | E8: Brgy. San Juan, Hagonoy, Bul. | F8: 2.58 | G8: 3.28 | H8: 4.97 | I8: 4.95 | J8: =IFERROR(AVERAGE(F8:I8), 0) -> 3.945 | K8: 5 | L8: HAG_2 | O8: Annual 2025
B9: DO (mg/L) | C9: 3 | D9: San Miguel Bridge | E9: Brgy. San Miguel, Hagonoy, Bul. | F9: 4.03 | G9: 3.51 | H9: 4.83 | I9: 5.25 | J9: =IFERROR(AVERAGE(F9:I9), 0) -> 4.405 | K9: 5 | L9: HAG_3 | T9: PARAMETERS
B10: DO (mg/L) | C10: 4 | D10: Bridge near San Agustin Public Market | E10: Brgy. San Agustin, Hagonoy, Bul. | F10: 2.33 | G10: 3.17 | H10: 4.86 | I10: 5.13 | J10: =IFERROR(AVERAGE(F10:I10), 0) -> 3.8725 | K10: 5 | L10: HAG_4 | O10: Province / Municipality | P10: Waterbody | Q10: Class | R10: No. of Station | S10: Name of Station | T10: DO | U10: BOD | V10: TSS | W10: pH | X10: TEMP | Y10: COLOR | Z10: FECAL COLIFORM | AA10: NITRATES | AB10: PHOSPHATES | AC10: CHLORIDES
B11: BOD (mg/L) | C11: 1 | D11: Kalsadang Putol Bridge | E11: Brgy. San Jose, Calumpit, Bul. | F11: 5 | G11: 4 | H11: 6 | I11: 8 | J11: =IFERROR(AVERAGE(F11:I11), 0) -> 5.75 | K11: 7 | L11: HAG_1 | O11: MALOLOS - HAGONOY, BULACAN | P11: HAGONOY RIVER | Q11: C | R11: 1 | S11: Kalsadang Putol Bridge | T11: =J7 -> 4.2875 | U11: =J11 -> 5.75 | V11: =J15 -> 33.5 | W11: =J19 -> 7.46 | X11: =J23 -> 28.025 | Y11: =J27 -> 21.25 | Z11: =J31 -> 28359.104 | AA11: =J35 -> 0.5025 | AB11: =J39 -> 0.267 | AC11: =J43 -> 77.25
B12: BOD (mg/L) | C12: 2 | D12: San Juan Bridge | E12: Brgy. San Juan, Hagonoy, Bul. | F12: 5 | G12: 4 | H12: 4 | I12: 6 | J12: =IFERROR(AVERAGE(F12:I12), 0) -> 4.75 | K12: 7 | L12: HAG_2 | R12: 2 | S12: San Juan Bridge | T12: =J8 -> 3.945 | U12: =J12 -> 4.75 | V12: =J16 -> 20 | W12: =J20 -> 7.565 | X12: =J24 -> 28.1825 | Y12: =J28 -> 21.25 | Z12: =J32 -> 111878.81 | AA12: =J36 -> 0.4655 | AB12: =J40 -> 0.297 | AC12: =J44 -> 71.25
B13: BOD (mg/L) | C13: 3 | D13: San Miguel Bridge | E13: Brgy. San Miguel, Hagonoy, Bul. | F13: 5 | G13: 5 | H13: 4 | I13: 5 | J13: =IFERROR(AVERAGE(F13:I13), 0) -> 4.75 | K13: 7 | L13: HAG_3 | R13: 3 | S13: San Miguel Bridge | T13: =J9 -> 4.405 | U13: =J13 -> 4.75 | V13: =J17 -> 30.5 | W13: =J21 -> 7.5775 | X13: =J25 -> 28.35 | Y13: =J29 -> 20 | Z13: =J33 -> 58420.173 | AA13: =J37 -> 0.3925 | AB13: =J41 -> 0.27125 | AC13: =J45 -> 51.25
B14: BOD (mg/L) | C14: 4 | D14: Bridge near San Agustin Public Market | E14: Brgy. San Agustin, Hagonoy, Bul. | F14: 3 | G14: 6 | H14: 6 | I14: 4 | J14: =IFERROR(AVERAGE(F14:I14), 0) -> 4.75 | K14: 7 | L14: HAG_4 | R14: 4 | S14: Bridge near San Agustin Public Market | T14: =J10 -> 3.8725 | U14: =J14 -> 4.75 | V14: =J18 -> 29.5 | W14: =J22 -> 7.5425 | X14: =J26 -> 28.4575 | Y14: =J30 -> 18.75 | Z14: =J34 -> 34760.2 | AA14: =J38 -> 0.339 | AB14: =J42 -> 0.3045 | AC14: =J46 -> 186.5
B15: TSS (mg/L) | C15: 1 | D15: Kalsadang Putol Bridge | E15: Brgy. San Jose, Calumpit, Bul. | F15: 53 | G15: 16 | H15: 16 | I15: 49 | J15: =IFERROR(AVERAGE(F15:I15), 0) -> 33.5 | K15: 80 | L15: HAG_1
B16: TSS (mg/L) | C16: 2 | D16: San Juan Bridge | E16: Brgy. San Juan, Hagonoy, Bul. | F16: 25 | G16: 16 | H16: 11 | I16: 28 | J16: =IFERROR(AVERAGE(F16:I16), 0) -> 20 | K16: 80 | L16: HAG_2 | O16: AVERAGE | T16: =AVERAGE(T11:T13) -> 4.2125 | U16: =AVERAGE(U11:U13) -> 5.0833333 | V16: =AVERAGE(V11:V13) -> 28 | W16: =AVERAGE(W11:W13) -> 7.5341667 | X16: =AVERAGE(X11:X13) -> 28.185833 | Y16: =AVERAGE(Y11:Y13) -> 20.833333 | Z16: =AVERAGE(Z11:Z13) -> 66219.363 | AA16: =AVERAGE(AA11:AA13) -> 0.4535 | ... AC16: =AVERAGE(AC11:AC13) -> 66.583333
B17: TSS (mg/L) | C17: 3 | D17: San Miguel Bridge | E17: Brgy. San Miguel, Hagonoy, Bul. | F17: 29 | G17: 55 | H17: 13 | I17: 25 | J17: =IFERROR(AVERAGE(F17:I17), 0) -> 30.5 | K17: 80 | L17: HAG_3 | O17: MINIMUM | T17: =MIN(T11:T13) -> 3.945 | U17: =MIN(U11:U13) -> 4.75 | V17: =MIN(V11:V13) -> 20 | W17: =MIN(W11:W13) -> 7.46 | X17: =MIN(X11:X13) -> 28.025 | Y17: =MIN(Y11:Y13) -> 20 | Z17: =MIN(Z11:Z13) -> 28359.104 | AA17: =MIN(AA11:AA13) -> 0.3925 | ... AC17: =MIN(AC11:AC13) -> 51.25
B18: TSS (mg/L) | C18: 4 | D18: Bridge near San Agustin Public Market | E18: Brgy. San Agustin, Hagonoy, Bul. | F18: 52 | G18: 28 | H18: 5 | I18: 33 | J18: =IFERROR(AVERAGE(F18:I18), 0) -> 29.5 | K18: 80 | L18: HAG_4 | O18: MAXIMUM | T18: =MAX(T11:T13) -> 4.405 | U18: =MAX(U11:U13) -> 5.75 | V18: =MAX(V11:V13) -> 33.5 | W18: =MAX(W11:W13) -> 7.5775 | X18: =MAX(X11:X13) -> 28.35 | Y18: =MAX(Y11:Y13) -> 21.25 | Z18: =MAX(Z11:Z13) -> 111878.81 | AA18: =MAX(AA11:AA13) -> 0.5025 | ... AC18: =MAX(AC11:AC13) -> 77.25
B19: pH | C19: 1 | D19: Kalsadang Putol Bridge | E19: Brgy. San Jose, Calumpit, Bul. | F19: 7.84 | G19: 7.2 | H19: 7.21 | I19: 7.59 | J19: =IFERROR(AVERAGE(F19:I19), 0) -> 7.46 | K19: 6.5-9.0 | L19: HAG_1 | O19: STANDARD | T19: 5 mg/L | U19: 7 mg/L | V19: 80 mg/L | W19: 6.5-9.0 | X19: 25-31 °C | Y19: 75 TCU | Z19: 200 MPN/100 L | AA19: 7 mg/L | AB19: 0.025 mg/L | AC19: 350 mg/L
B20: pH | C20: 2 | D20: San Juan Bridge | E20: Brgy. San Juan, Hagonoy, Bul. | F20: 8.02 | G20: 7.35 | H20: 7.23 | I20: 7.66 | J20: =IFERROR(AVERAGE(F20:I20), 0) -> 7.565 | K20: 6.5-9.0 | L20: HAG_2
B21: pH | C21: 3 | D21: San Miguel Bridge | E21: Brgy. San Miguel, Hagonoy, Bul. | F21: 8.2 | G21: 7.31 | H21: 7.21 | I21: 7.59 | J21: =IFERROR(AVERAGE(F21:I21), 0) -> 7.5775 | K21: 6.5-9.0 | L21: HAG_3
B22: pH | C22: 4 | D22: Bridge near San Agustin Public Market | E22: Brgy. San Agustin, Hagonoy, Bul. | F22: 8.06 | G22: 7.28 | H22: 7.2 | I22: 7.63 | J22: =IFERROR(AVERAGE(F22:I22), 0) -> 7.5425 | K22: 6.5-9.0 | L22: HAG_4
B23: Temp. (°C) | C23: 1 | D23: Kalsadang Putol Bridge | E23: Brgy. San Jose, Calumpit, Bul. | F23: 26.2 | G23: 27.4 | H23: 29.8 | I23: 28.7 | J23: =IFERROR(AVERAGE(F23:I23), 0) -> 28.025 | K23: 25-31 | L23: HAG_1
B24: Temp. (°C) | C24: 2 | D24: San Juan Bridge | E24: Brgy. San Juan, Hagonoy, Bul. | F24: 26.78 | G24: 27.45 | H24: 29.8 | I24: 28.7 | J24: =IFERROR(AVERAGE(F24:I24), 0) -> 28.1825 | K24: 25-31 | L24: HAG_2
B25: Temp. (°C) | C25: 3 | D25: San Miguel Bridge | E25: Brgy. San Miguel, Hagonoy, Bul. | F25: 27.3 | G25: 27.6 | H25: 29.8 | I25: 28.7 | J25: =IFERROR(AVERAGE(F25:I25), 0) -> 28.35 | K25: 25-31 | L25: HAG_3
B26: Temp. (°C) | C26: 4 | D26: Bridge near San Agustin Public Market | E26: Brgy. San Agustin, Hagonoy, Bul. | F26: 26.68 | G26: 27.45 | H26: 29.8 | I26: 29.9 | J26: =IFERROR(AVERAGE(F26:I26), 0) -> 28.4575 | K26: 25-31 | L26: HAG_4
B27: Color (TCU) | C27: 1 | D27: Kalsadang Putol Bridge | E27: Brgy. San Jose, Calumpit, Bul. | F27: 15 | G27: 30 | H27: 20 | I27: 20 | J27: =IFERROR(AVERAGE(F27:I27), 0) -> 21.25 | K27: 75 | L27: HAG_1
B28: Color (TCU) | C28: 2 | D28: San Juan Bridge | E28: Brgy. San Juan, Hagonoy, Bul. | F28: 15 | G28: 30 | H28: 20 | I28: 20 | J28: =IFERROR(AVERAGE(F28:I28), 0) -> 21.25 | K28: 75 | L28: HAG_2
B29: Color (TCU) | C29: 3 | D29: San Miguel Bridge | E29: Brgy. San Miguel, Hagonoy, Bul. | F29: 15 | G29: 25 | H29: 20 | I29: 20 | J29: =IFERROR(AVERAGE(F29:I29), 0) -> 20 | K29: 75 | L29: HAG_3
B30: Color (TCU) | C30: 4 | D30: Bridge near San Agustin Public Market | E30: Brgy. San Agustin, Hagonoy, Bul. | F30: 15 | G30: 25 | H30: 20 | I30: 15 | J30: =IFERROR(AVERAGE(F30:I30), 0) -> 18.75 | K30: 75 | L30: HAG_4
B31: Fecal Coliform (MPN/100mL) | C31: 1 | D31: Kalsadang Putol Bridge | E31: Brgy. San Jose, Calumpit, Bul. | F31: 35000 | G31: 22000 | H31: 35000 | I31: 24000 | J31: =IFERROR(GEOMEAN(F31:I31), "") -> 28359.104 | K31: 200 | L31: HAG_1
B32: Fecal Coliform (MPN/100mL) | C32: 2 | D32: San Juan Bridge | E32: Brgy. San Juan, Hagonoy, Bul. | F32: 24000 | G32: 240000 | H32: 160000 | I32: 170000 | J32: =IFERROR(GEOMEAN(F32:I32), "") -> 111878.81 | K32: 200 | L32: HAG_2
B33: Fecal Coliform (MPN/100mL) | C33: 3 | D33: San Miguel Bridge | E33: Brgy. San Miguel, Hagonoy, Bul. | F33: 13000 | G33: 160000 | H33: 160000 | I33: 35000 | J33: =IFERROR(GEOMEAN(F33:I33), "") -> 58420.173 | K33: 200 | L33: HAG_3
B34: Fecal Coliform (MPN/100mL) | C34: 4 | D34: Bridge near San Agustin Public Market | E34: Brgy. San Agustin, Hagonoy, Bul. | F34: 7900 | G34: 35000 | H34: 220000 | I34: 24000 | J34: =IFERROR(GEOMEAN(F34:I34), "") -> 34760.2 | K34: 200 | L34: HAG_4
B35: NO3-N (mg/L) | C35: 1 | D35: Kalsadang Putol Bridge | E35: Brgy. San Jose, Calumpit, Bul. | F35: 0.785 | G35: 0.295 | H35: 0.432 | I35: 0.498 | J35: =IFERROR(AVERAGE(F35:I35), 0) -> 0.5025 | K35: 7 | L35: HAG_1
B36: NO3-N (mg/L) | C36: 2 | D36: San Juan Bridge | E36: Brgy. San Juan, Hagonoy, Bul. | F36: 0.725 | G36: 0.152 | H36: 0.471 | I36: 0.514 | J36: =IFERROR(AVERAGE(F36:I36), 0) -> 0.4655 | K36: 7 | L36: HAG_2
B37: NO3-N (mg/L) | C37: 3 | D37: San Miguel Bridge | E37: Brgy. San Miguel, Hagonoy, Bul. | F37: 0.245 | G37: 0.243 | H37: 0.482 | I37: 0.6 | J37: =IFERROR(AVERAGE(F37:I37), 0) -> 0.3925 | K37: 7 | L37: HAG_3
B38: NO3-N (mg/L) | C38: 4 | D38: Bridge near San Agustin Public Market | E38: Brgy. San Agustin, Hagonoy, Bul. | F38: 0.311 | G38: 0.043 | H38: 0.398 | I38: 0.604 | J38: =IFERROR(AVERAGE(F38:I38), 0) -> 0.339 | K38: 7 | L38: HAG_4
B39: PO4-P (mg/L) | C39: 1 | D39: Kalsadang Putol Bridge | E39: Brgy. San Jose, Calumpit, Bul. | F39: 0.038 | G39: 0.489 | H39: 0.422 | I39: 0.119 | J39: =IFERROR(AVERAGE(F39:I39), 0) -> 0.267 | K39: 0.025 | L39: HAG_1
B40: PO4-P (mg/L) | C40: 2 | D40: San Juan Bridge | E40: Brgy. San Juan, Hagonoy, Bul. | F40: 0.035 | G40: 0.584 | H40: 0.443 | I40: 0.126 | J40: =IFERROR(AVERAGE(F40:I40), 0) -> 0.297 | K40: 0.025 | L40: HAG_2
B41: PO4-P (mg/L) | C41: 3 | D41: San Miguel Bridge | E41: Brgy. San Miguel, Hagonoy, Bul. | F41: 0.012 | G41: 0.619 | H41: 0.368 | I41: 0.086 | J41: =IFERROR(AVERAGE(F41:I41), 0) -> 0.27125 | K41: 0.025 | L41: HAG_3
B42: PO4-P (mg/L) | C42: 4 | D42: Bridge near San Agustin Public Market | E42: Brgy. San Agustin, Hagonoy, Bul. | F42: 0.011 | G42: 0.694 | H42: 0.398 | I42: 0.115 | J42: =IFERROR(AVERAGE(F42:I42), 0) -> 0.3045 | K42: 0.025 | L42: HAG_4
B43: Cl- (mg/L) | C43: 1 | D43: Kalsadang Putol Bridge | E43: Brgy. San Jose, Calumpit, Bul. | F43: 137 | G43: 101 | H43: 30 | I43: 41 | J43: =IFERROR(AVERAGE(F43:I43), 0) -> 77.25 | K43: 350 | L43: HAG_1
B44: Cl- (mg/L) | C44: 2 | D44: San Juan Bridge | E44: Brgy. San Juan, Hagonoy, Bul. | F44: 98 | G44: 104 | H44: 28 | I44: 55 | J44: =IFERROR(AVERAGE(F44:I44), 0) -> 71.25 | K44: 350 | L44: HAG_2
B45: Cl- (mg/L) | C45: 3 | D45: San Miguel Bridge | E45: Brgy. San Miguel, Hagonoy, Bul. | F45: 59 | G45: 52 | H45: 43 | I45: 51 | J45: =IFERROR(AVERAGE(F45:I45), 0) -> 51.25 | K45: 350 | L45: HAG_3
B46: Cl- (mg/L) | C46: 4 | D46: Bridge near San Agustin Public Market | E46: Brgy. San Agustin, Hagonoy, Bul. | F46: 407 | G46: 37 | H46: 257 | I46: 45 | J46: =IFERROR(AVERAGE(F46:I46), 0) -> 186.5 | K46: 350 | L46: HAG_4
B47: Observations | C47: 1 | D47: Kalsadang Putol Bridge | E47: Brgy. San Jose, Calumpit, Bul. | F47: Near Residential Area Vegetation near the Station Some residents are seen throwing something into the river | G47: Slow flow of water Floating solid wastes Near residential area Vegetation growing near the station | H47: near residential area, presence of few floating of solid waste | I47: Near residential area, presence of floating of solid waste
C48: 2 | D48: San Juan Bridge | E48: Brgy. San Juan, Hagonoy, Bul. | F48: Near Residential Area Vegetation near the Station Floating solid wastes on the river | G48: Slow flow of water Floating solid wastes Near residential area Vegetation growing near the station Dump truck was parked along the station | H48: residential area, few floating of solid waste | I48: residential area, presence of few floating of solid waste
C49: 3 | D49: San Miguel Bridge | E49: Brgy. San Miguel, Hagonoy, Bul. | F49: Near Residential Area Small boats are seen coming and going in the area | G49: Slow flow of water Near residential area and commercial area Small boats coming and going | H49: residential area, few floating of solid waste | I49: residential area, presence of few floating of solid waste
C50: 4 | D50: Bridge near San Agustin Public Market | E50: Brgy. San Agustin, Hagonoy, Bul. | F50: Near public market Busy road Near residential area Floating solid wastes on the river | G50: Slow flow of water Small boats coming and going Near residential and commercial area Floating solid wastes Near public market | H50: residential area, few floating of solid waste | I50: residential area, presence of few floating of solid waste
B51: Date of Sampling | H51: 45877 | I51: 45960
B55: ANALYSIS:
B56: Hagonoy River shows moderate to severe water quality problems. Dissolved oxygen (DO) levels are below the 5 mg/L standard at most stations, averaging 3.87–4.41 mg/L, indicating suboptimal conditions for aquatic life. Biochemical oxygen demand (BOD) is within the 7 mg/L limit (4.75–5.75 mg/L), suggesting moderate organic pollution. Suspended solids (TSS) remain below the 80 mg/L guideline except at Kalsadang Putol Bridge (33.5 mg/L) and Bridge near San Agustin Public Market (29.5 mg/L), reflecting sediment and solid waste accumulation. pH (7.46–7.58) and temperature (28–28.5 °C) are within normal ranges, showing stable water chemistry. Nutrient levels, particularly phosphates (PO4-P), exceed the 0.025 mg/L guideline at all stations (0.27–0.30 mg/L), raising the risk of algal growth. Fecal coliform counts are extremely high (average 28,000–112,000 MPN/100 mL), far above the 200 MPN/100 mL standard, indicating contamination from domestic wastewater and stagnant areas. Observations recorded low water volume, slow flow, floating solid wastes, proximity to residential areas and public market activity, all contributing to water pollution. Overall: Hagonoy River is affected by human activity, nutrient enrichment, and bacterial contamination, making it unsafe for recreational use or direct fishing activities.

Sheet LABANGAN RIVER
C1: SUMMARY REPORT OF WATER QUALITY MONITORING DATA
C2: SUBMITTED BY THE REGIONAL OFFICES
C3: CY 2025
C4: LABANGAN RIVER
C5: CLASS C ( 3 STATIONS )
A6: Region | B6: Parameter | C6: Stn. No. | D6: Stn. ID | E6: Address | F6: 1st Quarter | G6: 2nd Quarter | H6: 3rd Quarter | I6: 4th Quarter | J6: Average/Geomean | K6: WQG | L6: Code
A7: III | B7: DO (mg/L) | C7: 1 | D7: Labangan Bridge | E7: Iba O'Este, Calumpit, Bulacan | F7: 3.96 | G7: 3.28 | H7: 3.3 | I7: 5.23 | J7: =IFERROR(AVERAGE(F7:I7), 0) -> 3.9425 | K7: 5 | L7: LAB_1 | S7: Water Quality Statistical Report
B8: DO (mg/L) | C8: 2 | D8: Iba Hanging Bridge | E8: Iba Este, Calumpit, Bulacan | F8: 3.72 | G8: 3.18 | H8: 3.2 | I8: 5.18 | J8: =IFERROR(AVERAGE(F8:I8), 0) -> 3.82 | K8: 5 | L8: LAB_2 | S8: 1st Semi-Annual 2025
B9: DO (mg/L) | C9: 3 | D9: Iba Bridge | E9: Iba, Hagonoy, Bulacan | F9: 4.01 | G9: 3.29 | H9: 4 | I9: 5.25 | J9: =IFERROR(AVERAGE(F9:I9), 0) -> 4.1375 | K9: 5 | L9: LAB_3 | X9: PARAMETERS
B10: BOD (mg/L) | C10: 1 | D10: Labangan Bridge | E10: Iba O'Este, Calumpit, Bulacan | F10: 4 | G10: 5 | H10: 3.4 | I10: 7 | J10: =IFERROR(AVERAGE(F10:I10), 0) -> 4.85 | K10: 7 | L10: LAB_1 | S10: Province / Municipality | T10: Waterbody | U10: Class | V10: No. of Station | W10: Name of Station | X10: DO | Y10: BOD | Z10: TSS | AA10: pH | AB10: TEMP | AC10: COLOR | AD10: FECAL COLIFORM | AE10: NITRATES | AF10: PHOSPHATES | AG10: CHLORIDES
B11: BOD (mg/L) | C11: 2 | D11: Iba Hanging Bridge | E11: Iba Este, Calumpit, Bulacan | F11: 4 | G11: 3 | H11: 3.8 | I11: 4 | J11: =IFERROR(AVERAGE(F11:I11), 0) -> 3.7 | K11: 7 | L11: LAB_2 | S11: CALUMPIT - HGAGONOY BULACAN | T11: LABANGAN RIVER | U11: C | V11: 1 | W11: Labangan Bridge | X11: =AVERAGE(F7:G7) -> 3.62 | Y11: =AVERAGE(F10:G10) -> 4.5 | Z11: =AVERAGE(F13:G13) -> 13 | AA11: =AVERAGE(F16:G16) -> 7.065 | AB11: =AVERAGE(F19:G19) -> 29.2 | AC11: =AVERAGE(F22:G22) -> 15 | AD11: =GEOMEAN(F25:G25) -> 17663.522 | AE11: =AVERAGE(F28:G28) -> 0.1455 | AF11: =AVERAGE(F31:G31) -> 0.6355 | AG11: =AVERAGE(F34:G34) -> 183.5
B12: BOD (mg/L) | C12: 3 | D12: Iba Bridge | E12: Iba, Hagonoy, Bulacan | F12: 3 | G12: 5 | H12: 7.1 | I12: 5 | J12: =IFERROR(AVERAGE(F12:I12), 0) -> 5.025 | K12: 7 | L12: LAB_3 | V12: 2 | W12: Iba Hanging Bridge | X12: =AVERAGE(F8:G8) -> 3.45 | Y12: =AVERAGE(F11:G11) -> 3.5 | Z12: =AVERAGE(F14:G14) -> 22.5 | AA12: =AVERAGE(F17:G17) -> 7.22 | AB12: =AVERAGE(F20:G20) -> 29 | AC12: =AVERAGE(F23:G23) -> 15 | AD12: =GEOMEAN(F26:G26) -> 43474.13 | AE12: =AVERAGE(F29:G29) -> 0.159 | AF12: =AVERAGE(F32:G32) -> 0.8665 | AG12: =AVERAGE(F35:G35) -> 140
B13: TSS (mg/L) | C13: 1 | D13: Labangan Bridge | E13: Iba O'Este, Calumpit, Bulacan | F13: 17 | G13: 9 | H13: 45 | I13: 40 | J13: =IFERROR(AVERAGE(F13:I13), 0) -> 27.75 | K13: 80 | L13: LAB_1 | V13: 3 | W13: Iba Bridge | X13: =AVERAGE(F9:G9) -> 3.65 | Y13: =AVERAGE(F12:G12) -> 4 | Z13: =AVERAGE(F15:G15) -> 17.5 | AA13: =AVERAGE(F18:G18) -> 7.17 | AB13: =AVERAGE(F21:G21) -> 28.2 | AC13: =AVERAGE(F24:G24) -> 15 | AD13: =GEOMEAN(F27:G27) -> 6221.7361 | AE13: =AVERAGE(F30:G30) -> 0.15 | AF13: =AVERAGE(F33:G33) -> 0.669 | AG13: =AVERAGE(F36:G36) -> 191.5
B14: TSS (mg/L) | C14: 2 | D14: Iba Hanging Bridge | E14: Iba Este, Calumpit, Bulacan | F14: 25 | G14: 20 | H14: 59 | I14: 28 | J14: =IFERROR(AVERAGE(F14:I14), 0) -> 33 | K14: 80 | L14: LAB_2
B15: TSS (mg/L) | C15: 3 | D15: Iba Bridge | E15: Iba, Hagonoy, Bulacan | F15: 14 | G15: 21 | H15: 84 | I15: 40 | J15: =IFERROR(AVERAGE(F15:I15), 0) -> 39.75 | K15: 80 | L15: LAB_3 | S15: AVERAGE | X15: =AVERAGE(X11:X13) -> 3.5733333 | Y15: =AVERAGE(Y11:Y13) -> 4 | Z15: =AVERAGE(Z11:Z13) -> 17.666667 | AA15: =AVERAGE(AA11:AA13) -> 7.1516667 | AB15: =AVERAGE(AB11:AB13) -> 28.8 | AC15: =AVERAGE(AC11:AC13) -> 15 | AD15: =AVERAGE(AD11:AD13) -> 22453.129 | AE15: =AVERAGE(AE11:AE13) -> 0.1515 | ... AG15: =AVERAGE(AG11:AG13) -> 171.66667
B16: pH | C16: 1 | D16: Labangan Bridge | E16: Iba O'Este, Calumpit, Bulacan | F16: 7.04 | G16: 7.09 | H16: 8.02 | I16: 7.75 | J16: =IFERROR(AVERAGE(F16:I16), 0) -> 7.475 | K16: 6.5-9.0 | L16: LAB_1 | S16: MINIMUM | X16: =MIN(X11:X13) -> 3.45 | Y16: =MIN(Y11:Y13) -> 3.5 | Z16: =MIN(Z11:Z13) -> 13 | AA16: =MIN(AA11:AA13) -> 7.065 | AB16: =MIN(AB11:AB13) -> 28.2 | AC16: =MIN(AC11:AC13) -> 15 | AD16: =MIN(AD11:AD13) -> 6221.7361 | AE16: =MIN(AE11:AE13) -> 0.1455 | ... AG16: =MIN(AG11:AG13) -> 140
B17: pH | C17: 2 | D17: Iba Hanging Bridge | E17: Iba Este, Calumpit, Bulacan | F17: 7.16 | G17: 7.28 | H17: 7.83 | I17: 7.77 | J17: =IFERROR(AVERAGE(F17:I17), 0) -> 7.51 | K17: 6.5-9.0 | L17: LAB_2 | S17: MAXIMUM | X17: =MAX(X11:X13) -> 3.65 | Y17: =MAX(Y11:Y13) -> 4.5 | Z17: =MAX(Z11:Z13) -> 22.5 | AA17: =MAX(AA11:AA13) -> 7.22 | AB17: =MAX(AB11:AB13) -> 29.2 | AC17: =MAX(AC11:AC13) -> 15 | AD17: =MAX(AD11:AD13) -> 43474.13 | AE17: =MAX(AE11:AE13) -> 0.159 | ... AG17: =MAX(AG11:AG13) -> 191.5
B18: pH | C18: 3 | D18: Iba Bridge | E18: Iba, Hagonoy, Bulacan | F18: 7.09 | G18: 7.25 | H18: 8.44 | I18: 7.81 | J18: =IFERROR(AVERAGE(F18:I18), 0) -> 7.6475 | K18: 6.5-9.0 | L18: LAB_3 | S18: STANDARD | X18: 5 mg/L | Y18: 7 mg/L | Z18: 80 mg/L | AA18: 6.5-9.0 | AB18: 25-31 °C | AC18: 75 TCU | AD18: 200 MPN/100 L | AE18: 7 mg/L | AF18: 0.025 mg/L | AG18: 350 mg/L
B19: Temp. (°C) | C19: 1 | D19: Labangan Bridge | E19: Iba O'Este, Calumpit, Bulacan | F19: 29.1 | G19: 29.3 | H19: 28.6 | I19: 28.3 | J19: =IFERROR(AVERAGE(F19:I19), 0) -> 28.825 | K19: 25-31 | L19: LAB_1
B20: Temp. (°C) | C20: 2 | D20: Iba Hanging Bridge | E20: Iba Este, Calumpit, Bulacan | F20: 28.6 | G20: 29.4 | H20: 28.6 | I20: 28.3 | J20: =IFERROR(AVERAGE(F20:I20), 0) -> 28.725 | K20: 25-31 | L20: LAB_2
B21: Temp. (°C) | C21: 3 | D21: Iba Bridge | E21: Iba, Hagonoy, Bulacan | F21: 27.3 | G21: 29.1 | H21: 28.8 | I21: 28.3 | J21: =IFERROR(AVERAGE(F21:I21), 0) -> 28.375 | K21: 25-31 | L21: LAB_3
B22: Color (TCU) | C22: 1 | D22: Labangan Bridge | E22: Iba O'Este, Calumpit, Bulacan | F22: 15 | G22: 15 | H22: 15 | I22: 15 | J22: =IFERROR(AVERAGE(F22:I22), 0) -> 15 | K22: 75 | L22: LAB_1
B23: Color (TCU) | C23: 2 | D23: Iba Hanging Bridge | E23: Iba Este, Calumpit, Bulacan | F23: 15 | G23: 15 | H23: 15 | I23: 15 | J23: =IFERROR(AVERAGE(F23:I23), 0) -> 15 | K23: 75 | L23: LAB_2
B24: Color (TCU) | C24: 3 | D24: Iba Bridge | E24: Iba, Hagonoy, Bulacan | F24: 15 | G24: 15 | H24: 20 | I24: 15 | J24: =IFERROR(AVERAGE(F24:I24), 0) -> 16.25 | K24: 75 | L24: LAB_3
B25: Fecal Coliform (MPN/100mL) | C25: 1 | D25: Labangan Bridge | E25: Iba O'Este, Calumpit, Bulacan | F25: 13000 | G25: 24000 | H25: 35000 | I25: 7900 | J25: =IFERROR(GEOMEAN(F25:I25), 0) -> 17138.091 | K25: 200 | L25: LAB_1 | S25: Water Quality Statistical Report
B26: Fecal Coliform (MPN/100mL) | C26: 2 | D26: Iba Hanging Bridge | E26: Iba Este, Calumpit, Bulacan | F26: 54000 | G26: 35000 | H26: 160000 | I26: 4900 | J26: =IFERROR(GEOMEAN(F26:I26), 0) -> 34889.478 | K26: 200 | L26: LAB_2 | S26: Annual 2025
B27: Fecal Coliform (MPN/100mL) | C27: 3 | D27: Iba Bridge | E27: Iba, Hagonoy, Bulacan | F27: 4900 | G27: 7900 | H27: 35000 | I27: 7900 | J27: =IFERROR(GEOMEAN(F27:I27), 0) -> 10171.373 | K27: 200 | L27: LAB_3 | X27: PARAMETERS
B28: NO3-N (mg/L) | C28: 1 | D28: Labangan Bridge | E28: Iba O'Este, Calumpit, Bulacan | F28: 0.248 | G28: 0.043 | H28: 0.2 | I28: 0.516 | J28: =IFERROR(AVERAGE(F28:I28), 0) -> 0.25175 | K28: 7 | L28: LAB_1 | S28: Province / Municipality | T28: Waterbody | U28: Class | V28: No. of Station | W28: Name of Station | X28: DO | Y28: BOD | Z28: TSS | AA28: pH | AB28: TEMP | AC28: COLOR | AD28: FECAL COLIFORM | AE28: NITRATES | AF28: PHOSPHATES | AG28: CHLORIDES
B29: NO3-N (mg/L) | C29: 2 | D29: Iba Hanging Bridge | E29: Iba Este, Calumpit, Bulacan | F29: 0.275 | G29: 0.043 | H29: 0.128 | I29: 0.279 | J29: =IFERROR(AVERAGE(F29:I29), 0) -> 0.18125 | K29: 7 | L29: LAB_2 | S29: CALUMPIT - HGAGONOY BULACAN | T29: LABANGAN RIVER | U29: C | V29: 1 | W29: Labangan Bridge | X29: =J7 -> 3.9425 | Y29: =J10 -> 4.85 | Z29: =J13 -> 27.75 | AA29: =J16 -> 7.475 | AB29: =J19 -> 28.825 | AC29: =J22 -> 15 | AD29: =J25 -> 17138.091 | AE29: =J28 -> 0.25175 | AF29: =J31 -> 0.3875 | AG29: =J34 -> 96.25
B30: NO3-N (mg/L) | C30: 3 | D30: Iba Bridge | E30: Iba, Hagonoy, Bulacan | F30: 0.257 | G30: 0.043 | H30: 0.239 | I30: 0.283 | J30: =IFERROR(AVERAGE(F30:I30), 0) -> 0.2055 | K30: 7 | L30: LAB_3 | V30: 2 | W30: Iba Hanging Bridge | X30: =J8 -> 3.82 | Y30: =J11 -> 3.7 | Z30: =J14 -> 33 | AA30: =J17 -> 7.51 | AB30: =J20 -> 28.725 | AC30: =J23 -> 15 | AD30: =J26 -> 34889.478 | AE30: =J29 -> 0.18125 | AF30: =J32 -> 0.5 | AG30: =J35 -> 79.75
B31: PO4-P (mg/L) | C31: 1 | D31: Labangan Bridge | E31: Iba O'Este, Calumpit, Bulacan | F31: 0.839 | G31: 0.432 | H31: 0.138 | I31: 0.141 | J31: =IFERROR(AVERAGE(F31:I31), 0) -> 0.3875 | K31: 0.025 | L31: LAB_1 | V31: 3 | W31: Iba Bridge | X31: =J9 -> 4.1375 | Y31: =J12 -> 5.025 | Z31: =J15 -> 39.75 | AA31: =J18 -> 7.6475 | AB31: =J21 -> 28.375 | AC31: =J24 -> 16.25 | AD31: =J27 -> 10171.373 | AE31: =J30 -> 0.2055 | AF31: =J33 -> 0.41625 | AG31: =J36 -> 107
B32: PO4-P (mg/L) | C32: 2 | D32: Iba Hanging Bridge | E32: Iba Este, Calumpit, Bulacan | F32: 1.051 | G32: 0.682 | H32: 0.155 | I32: 0.112 | J32: =IFERROR(AVERAGE(F32:I32), 0) -> 0.5 | K32: 0.025 | L32: LAB_2
B33: PO4-P (mg/L) | C33: 3 | D33: Iba Bridge | E33: Iba, Hagonoy, Bulacan | F33: 1.006 | G33: 0.332 | H33: 0.182 | I33: 0.145 | J33: =IFERROR(AVERAGE(F33:I33), 0) -> 0.41625 | K33: 0.025 | L33: LAB_3 | S33: AVERAGE | X33: =AVERAGE(X29:X31) -> 3.9666667 | Y33: =AVERAGE(Y29:Y31) -> 4.525 | Z33: =AVERAGE(Z29:Z31) -> 33.5 | AA33: =AVERAGE(AA29:AA31) -> 7.5441667 | AB33: =AVERAGE(AB29:AB31) -> 28.641667 | AC33: =AVERAGE(AC29:AC31) -> 15.416667 | AD33: =AVERAGE(AD29:AD31) -> 20732.98 | AE33: =AVERAGE(AE29:AE31) -> 0.21283333 | ... AG33: =AVERAGE(AG29:AG31) -> 94.333333
B34: Cl- (mg/L) | C34: 1 | D34: Labangan Bridge | E34: Iba O'Este, Calumpit, Bulacan | F34: 151 | G34: 216 | H34: 7 | I34: 11 | J34: =IFERROR(AVERAGE(F34:I34), 0) -> 96.25 | K34: 350 | L34: LAB_1 | S34: MINIMUM | X34: =MIN(X29:X31) -> 3.82 | Y34: =MIN(Y29:Y31) -> 3.7 | Z34: =MIN(Z29:Z31) -> 27.75 | AA34: =MIN(AA29:AA31) -> 7.475 | AB34: =MIN(AB29:AB31) -> 28.375 | AC34: =MIN(AC29:AC31) -> 15 | AD34: =MIN(AD29:AD31) -> 10171.373 | AE34: =MIN(AE29:AE31) -> 0.18125 | ... AG34: =MIN(AG29:AG31) -> 79.75
B35: Cl- (mg/L) | C35: 2 | D35: Iba Hanging Bridge | E35: Iba Este, Calumpit, Bulacan | F35: 236 | G35: 44 | H35: 7 | I35: 32 | J35: =IFERROR(AVERAGE(F35:I35), 0) -> 79.75 | K35: 350 | L35: LAB_2 | S35: MAXIMUM | X35: =MAX(X29:X31) -> 4.1375 | Y35: =MAX(Y29:Y31) -> 5.025 | Z35: =MAX(Z29:Z31) -> 39.75 | AA35: =MAX(AA29:AA31) -> 7.6475 | AB35: =MAX(AB29:AB31) -> 28.825 | AC35: =MAX(AC29:AC31) -> 16.25 | AD35: =MAX(AD29:AD31) -> 34889.478 | AE35: =MAX(AE29:AE31) -> 0.25175 | ... AG35: =MAX(AG29:AG31) -> 107
B36: Cl- (mg/L) | C36: 3 | D36: Iba Bridge | E36: Iba, Hagonoy, Bulacan | F36: 216 | G36: 167 | H36: 14 | I36: 31 | J36: =IFERROR(AVERAGE(F36:I36), 0) -> 107 | K36: 350 | L36: LAB_3 | S36: STANDARD | X36: 5 mg/L | Y36: 7 mg/L | Z36: 80 mg/L | AA36: 6.5-9.0 | AB36: 25-31 °C | AC36: 75 TCU | AD36: 200 MPN/100 L | AE36: 7 mg/L | AF36: 0.025 mg/L | AG36: 350 mg/L
B37: Observations | C37: 1 | D37: Labangan Bridge | E37: Iba O'Este, Calumpit, Bulacan | F37: On-going construction of PNR railways nea the station, presence of few floating solid waste and water lily | G37: Residential area, on-going installation of equipment platform | H37: construction of railaways near the station, near residential area | I37: vol. of water hyacinth trapped by the installed trash trap | L37: LAB_1
B38: Cl- (mg/L) | C38: 2 | D38: Iba Hanging Bridge | E38: Iba Este, Calumpit, Bulacan | F38: Residential and Agricultural area, presence of few floating of solid waste and water lily | G38: Agricultural / residential area, few floating of solid wastes and water lily | H38: near residential area, near railway construction site, rapid flow of water | I38: presence of people swimming/ bathing, presence of few solid waste and water hyacinth | L38: LAB_2
B39: Cl- (mg/L) | C39: 3 | D39: Iba Bridge | E39: Iba, Hagonoy, Bulacan | F39: Residential area, presence of vol. of water lily and few solid waste trapped by the trash trap | G39: Agricultural / residential area, few floating of solid wastes and water lily | H39: near residential area, near railway construction site, rapid flow of water | I39: on-going construction of PNR railways, presence of few solid waste and water hyacinth | L39: LAB_3
C40: Date of sampling | F40: 24 | G40: 30 | H40: 45898 | I40: 45960
C42: ANALYSIS:
C43: Labangan River shows moderate water quality issues. Dissolved oxygen (DO) levels range from 3.82 to 4.14 mg/L, below the 5 mg/L standard, indicating slightly stressed aquatic conditions. Biochemical oxygen demand (BOD) is within the 7 mg/L limit (3.70–5.03 mg/L), suggesting only moderate organic pollution. Suspended solids (TSS) are mostly under the 80 mg/L guideline, though occasional spikes at Iba Bridge (39.75 mg/L) and Iba Hanging Bridge (33 mg/L) indicate sediment accumulation and floating debris. pH (7.48–7.65) and temperature (28–28.8 °C) remain within normal ranges. Nutrient levels, particularly phosphates (PO4-P), are extremely high (0.388–0.500 mg/L) compared to the 0.025 mg/L standard, increasing the risk of algal blooms. Fecal coliform counts exceed the 200 MPN/100 mL limit at all stations (average 10,171–34,889 MPN/100 mL), reflecting contamination from domestic wastewater and stagnant areas. Observations noted ongoing construction near the railway, low to moderate water flow, floating solid wastes, water lilies, and proximity to residential and agricultural areas, contributing to water quality deterioration. Overall: Labangan River is moderately affected by human activity, nutrient enrichment, and bacterial contamination. While water chemistry is generally stable, the river is unsafe for direct recreational use or consumption and shows signs of environmental stress due to human impact and poor water circulation.

Sheet A-SF-M-S RS WQMA
C1: SUMMARY REPORT OF WATER QUALITY MONITORING DATA
C2: SUBMITTED BY THE REGIONAL OFFICES
C3: CY 2025
C4: WQMA-ASFMSRS
C5: CLASS C ( 8 STATIONS )
A6: Region | B6: Parameter | C6: Stn. No. | D6: Stn. ID | E6: Address | F6: Jan | G6: Feb | H6: Mar | I6: Apr | J6: May | K6: Jun | L6: Jul | M6: Aug | N6: Sept | O6: Oct | P6: Nov | Q6: Dec | R6: AVE/ Geomean | S6: WQG | T6: Code
A7: III | B7: DO (mg/L) | C7: 1 | D7: Angeles River 1 | E7: Angeles, Pampanga | F7: 3.47 | G7: 2.1 | H7: 1.33 | I7: 3.53 | J7: 2.4 | K7: 3.21 | L7: 3.65 | M7: 3.18 | N7: 3.3 | O7: 5.1 | P7: 4.83 | Q7: 4.73 | R7: =IFERROR(AVERAGE(F7:Q7), 0) -> 3.4025 | S7: 5 | T7: ASF_1 | X7: Water Quality Statistical Report
C8: 2 | D8: Angeles River 2 | E8: Angeles, Pampanga | F8: 3.48 | G8: 2.36 | H8: 1.25 | I8: 3.81 | J8: 2.23 | K8: 3.15 | L8: 3.8 | M8: 4.24 | N8: 3.1 | O8: 4.83 | P8: 4.95 | Q8: 4.85 | R8: =IFERROR(AVERAGE(F8:Q8), 0) -> 3.5041667 | S8: 5 | T8: ASF_2 | X8: 1st Semi-Annual 2025
C9: 3 | D9: Mexico River | E9: Mexico, Pampanga | F9: 5.5 | G9: 3.07 | H9: 3.1 | I9: 5.08 | J9: 8 | K9: 3.53 | L9: 3.66 | M9: 3.25 | N9: 4.2 | O9: 3.88 | P9: 5.2 | Q9: 5.2 | R9: =IFERROR(AVERAGE(F9:Q9), 0) -> 4.4725 | S9: 5 | T9: ASF_3 | AD9: PARAMETERS
C10: 4 | D10: San fernando River | E10: San Fernando, Pampanga | F10: 3.5 | G10: 0.69 | H10: 0.91 | I10: 1.38 | J10: 0.05 | K10: 4.19 | L10: 2.15 | M10: 3.18 | N10: 0.2 | O10: 2.98 | P10: 2.93 | Q10: 2.9 | R10: =IFERROR(AVERAGE(F10:Q10), 0) -> 2.0883333 | S10: 5 | T10: ASF_4 | X10: Province / Municipality | Z10: Waterbody | AA10: Class | AB10: No. of Station | AC10: Name of Station | AD10: DO | AE10: BOD | AF10: TSS | AG10: pH | AH10: TEMP | AI10: COLOR | AJ10: FECAL COLIFORM | AK10: NITRATES | AL10: PHOSPHATES | AM10: CHLORIDES
C11: 5 | D11: Sto. Tomas River | E11: Sto. Tomas, Pampanga | F11: 0.89 | G11: 1.58 | H11: 1.54 | I11: 1.75 | J11: 0.1 | K11: 2.91 | L11: 2.71 | M11: 2.25 | N11: 0.3 | O11: 2.98 | P11: 2.86 | Q11: 2.83 | R11: =IFERROR(AVERAGE(F11:Q11), 0) -> 1.8916667 | S11: 5 | T11: ASF_5 | X11: PAMPANGA | Y11: ANGELES-MEXICO-SAN FERNANDO-STO. TOMAS-MINALIN-SASMUAN, PAMPANGA | Z11: ASFMSRS WQMA | AA11: C | AB11: 1 | AC11: Sasmuan River 2 | AD11: =AVERAGE(F7:K7) -> 2.6733333 | AE11: =AVERAGE(F15:K15) -> 22.333333 | AF11: =AVERAGE(F23:K23) -> 28.166667 | AG11: =AVERAGE(F31:K31) -> 7.2183333 | AH11: =AVERAGE(F39:K39) -> 29.575 | AI11: =AVERAGE(F47:K47) -> 13.333333 | AJ11: =GEOMEAN(F55:K55) -> 1867969.6 | AK11: =AVERAGE(F63:K63) -> 0.5515 | AL11: =AVERAGE(F71:K71) -> 0.8485 | AM11: =AVERAGE(F79:K79) -> 88.666667
C12: 6 | D12: Minalin River | E12: Minalin, Pampanga | F12: 0.9 | G12: 1.7 | H12: 2.98 | I12: 3.64 | J12: 2.02 | K12: 3.45 | L12: 3.77 | M12: 4.85 | N12: 1.4 | O12: 4.53 | P12: 3.66 | Q12: 3.56 | R12: =IFERROR(AVERAGE(F12:Q12), 0) -> 3.0383333 | S12: 5 | T12: ASF_6 | AB12: 2 | AC12: Sasmuan River 1 | AD12: =AVERAGE(F8:K8) -> 2.7133333 | AE12: =AVERAGE(F16:K16) -> 16.833333 | AF12: =AVERAGE(F24:K24) -> 27.166667 | AG12: =AVERAGE(F32:K32) -> 7.2066667 | AH12: =AVERAGE(F40:K40) -> 29.8 | AI12: =AVERAGE(F48:K48) -> 13.333333 | AJ12: =GEOMEAN(F56:K56) -> 1149171.3 | AK12: =AVERAGE(F64:K64) -> 0.51516667 | AL12: =AVERAGE(F72:K72) -> 0.9665 | AM12: =AVERAGE(F80:K80) -> 99.5
C13: 7 | D13: Sasmuan River 1 | E13: Sasmuan, Pampanga | F13: 6.34 | G13: 2.1 | H13: 5.25 | I13: 4.16 | J13: 3.1 | K13: 5.25 | L13: 4.31 | M13: 4.59 | N13: 3.6 | O13: 4.38 | P13: 4.33 | Q13: 4.15 | R13: =IFERROR(AVERAGE(F13:Q13), 0) -> 4.2966667 | S13: 5 | T13: ASF_7 | AB13: 3 | AC13: Minalin River | AD13: =AVERAGE(F9:K9) -> 4.7133333 | AE13: =AVERAGE(F17:K17) -> 6.6666667 | AF13: =AVERAGE(F25:K25) -> 38.333333 | AG13: =AVERAGE(F33:K33) -> 7.1916667 | AH13: =AVERAGE(F41:K41) -> 29.533333 | AI13: =AVERAGE(F49:K49) -> 11.666667 | AJ13: =GEOMEAN(F57:K57) -> 46859.935 | AK13: =AVERAGE(F65:K65) -> 0.97266667 | AL13: =AVERAGE(F73:K73) -> 0.769 | AM13: =AVERAGE(F81:K81) -> 134.83333
C14: 8 | D14: Sasmuan River 2 | E14: Sasmuan, Pampanga | F14: 3.42 | G14: 1.58 | H14: 2.71 | I14: 3.24 | J14: 3.15 | K14: 5.38 | L14: 4.36 | M14: 4.61 | N14: 3.1 | O14: 4.25 | P14: 4 | Q14: 4.28 | R14: =IFERROR(AVERAGE(F14:Q14), 0) -> 3.6733333 | S14: 5 | T14: ASF_8 | AB14: 4 | AC14: Sto. Tomas River | AD14: =AVERAGE(F10:K10) -> 1.7866667 | AE14: =AVERAGE(F18:K18) -> 38.5 | AF14: =AVERAGE(F26:K26) -> 33 | AG14: =AVERAGE(F34:K34) -> 7.2916667 | AH14: =AVERAGE(F42:K42) -> 29.1 | AI14: =AVERAGE(F50:K50) -> 29.166667 | AJ14: =GEOMEAN(F58:K58) -> 1782806.3 | AK14: =AVERAGE(F66:K66) -> 0.314 | AL14: =AVERAGE(F74:K74) -> 1.7456667 | AM14: =AVERAGE(F82:K82) -> 142.16667
B15: BOD (mg/L) | C15: 1 | D15: Angeles River 1 | E15: Angeles, Pampanga | F15: 40 | G15: 17 | H15: 12 | I15: 36 | J15: 12 | K15: 17 | L15: 23 | M15: 15 | N15: 12 | O15: 12 | P15: 10 | Q15: 30 | R15: =IFERROR(AVERAGE(F15:Q15), 0) -> 19.666667 | S15: 7 | T15: ASF_1 | AB15: 5 | AC15: San fernando River | AD15: =AVERAGE(F11:K11) -> 1.4616667 | AE15: =AVERAGE(F19:K19) -> 11 | AF15: =AVERAGE(F27:K27) -> 14.5 | AG15: =AVERAGE(F35:K35) -> 7.135 | AH15: =AVERAGE(F43:K43) -> 28.68 | AI15: =AVERAGE(F51:K51) -> 34.166667 | AJ15: =GEOMEAN(F59:K59) -> 77070.752 | AK15: =AVERAGE(F67:K67) -> 0.3075 | AL15: =AVERAGE(F75:K75) -> 1.4375 | AM15: =AVERAGE(F83:K83) -> 156.16667
C16: 2 | D16: Angeles River 2 | E16: Angeles, Pampanga | F16: 32 | G16: 16 | H16: 14 | I16: 18 | J16: 12 | K16: 9 | L16: 22 | M16: 18 | N16: 13 | O16: 16 | P16: 13 | Q16: 29 | R16: =IFERROR(AVERAGE(F16:Q16), 0) -> 17.666667 | S16: 7 | T16: ASF_2 | AB16: 6 | AC16: Mexico River | AD16: =AVERAGE(F12:K12) -> 2.4483333 | AE16: =AVERAGE(F20:K20) -> 7.8333333 | AF16: =AVERAGE(F28:K28) -> 24.666667 | AG16: =AVERAGE(F36:K36) -> 7.1116667 | AH16: =AVERAGE(F44:K44) -> 28.471667 | AI16: =AVERAGE(F52:K52) -> 33.333333 | AJ16: =GEOMEAN(F60:K60) -> 36457.828 | AK16: =AVERAGE(F68:K68) -> 0.27 | AL16: =AVERAGE(F76:K76) -> 1.063 | AM16: =AVERAGE(F84:K84) -> 209.83333
C17: 3 | D17: Mexico River | E17: Mexico, Pampanga | F17: 5 | G17: 6 | H17: 6 | I17: 9 | J17: 6 | K17: 8 | L17: 4 | M17: 8 | N17: 9 | O17: 7 | P17: 7 | Q17: 9 | R17: =IFERROR(AVERAGE(F17:Q17), 0) -> 7 | S17: 7 | T17: ASF_3 | AB17: 7 | AC17: Angeles River 2 | AD17: =AVERAGE(F13:K13) -> 4.3666667 | AE17: =AVERAGE(F21:K21) -> 10.666667 | AF17: =AVERAGE(F29:K29) -> 76.333333 | AG17: =AVERAGE(F37:K37) -> 7.16 | AH17: =AVERAGE(F45:K45) -> 28.533333 | AI17: =AVERAGE(F53:K53) -> 35 | AJ17: =GEOMEAN(F61:K61) -> 17007.853 | AK17: =AVERAGE(F69:K69) -> 0.57616667 | AL17: =AVERAGE(F77:K77) -> 0.676 | AM17: =AVERAGE(F85:K85) -> 241.83333
C18: 4 | D18: San fernando River | E18: San Fernando, Pampanga | F18: 18 | G18: 35 | H18: 19 | I18: 67 | J18: 71 | K18: 21 | L18: 63 | M18: 17 | N18: 16 | O18: 21 | P18: 20 | Q18: 19 | R18: =IFERROR(AVERAGE(F18:Q18), 0) -> 32.25 | S18: 7 | T18: ASF_4 | AB18: 8 | AC18: Angeles River 1 | AD18: =AVERAGE(F14:K14) -> 3.2466667 | AE18: =AVERAGE(F22:K22) -> 8 | AF18: =AVERAGE(F30:K30) -> 142.83333 | AG18: =AVERAGE(F38:K38) -> 7.1316667 | AH18: =AVERAGE(F46:K46) -> 28.533333 | AI18: =AVERAGE(F54:K54) -> 25.833333 | AJ18: =GEOMEAN(F62:K62) -> 42481.574 | AK18: =AVERAGE(F70:K70) -> 0.70483333 | AL18: =AVERAGE(F78:K78) -> 0.60733333 | AM18: =AVERAGE(F86:K86) -> 240.5
C19: 5 | D19: Sto. Tomas River | E19: Sto. Tomas, Pampanga | F19: 16 | G19: 9 | H19: 8 | I19: 8 | J19: 9 | K19: 16 | L19: 10 | M19: 10 | N19: 16 | O19: 8 | P19: 7 | Q19: 19 | R19: =IFERROR(AVERAGE(F19:Q19), 0) -> 11.333333 | S19: 7 | T19: ASF_5
C20: 6 | D20: Minalin River | E20: Minalin, Pampanga | F20: 8 | G20: 7 | H20: 5 | I20: 9 | J20: 12 | K20: 6 | L20: 8 | M20: 9 | N20: 10 | O20: 7 | P20: 5 | Q20: 10 | R20: =IFERROR(AVERAGE(F20:Q20), 0) -> 8 | S20: 7 | T20: ASF_6 | X20: AVERAGE | AD20: =AVERAGE(AD11:AD18) -> 2.92625 | AE20: =AVERAGE(AE11:AE18) -> 15.229167 | AF20: =AVERAGE(AF11:AF18) -> 48.125 | AG20: =AVERAGE(AG11:AG18) -> 7.1808333 | AH20: =AVERAGE(AH11:AH18) -> 29.028333 | AI20: =AVERAGE(AI11:AI18) -> 24.479167 | AJ20: =AVERAGE(AJ11:AJ18) -> 627478.14 | AK20: =AVERAGE(AK11:AK18) -> 0.52647917 | ... AM20: =AVERAGE(AM11:AM18) -> 164.1875
C21: 7 | D21: Sasmuan River 1 | E21: Sasmuan, Pampanga | F21: 12 | G21: 7 | H21: 15 | I21: 9 | J21: 9 | K21: 12 | L21: 4 | M21: 9 | N21: 9 | O21: 8 | P21: 10 | Q21: 10 | R21: =IFERROR(AVERAGE(F21:Q21), 0) -> 9.5 | S21: 7 | T21: ASF_7 | X21: MINIMUM | AD21: =MIN(AD11:AD18) -> 1.4616667 | AE21: =MIN(AE11:AE18) -> 6.6666667 | AF21: =MIN(AF11:AF18) -> 14.5 | AG21: =MIN(AG11:AG18) -> 7.1116667 | AH21: =MIN(AH11:AH18) -> 28.471667 | AI21: =MIN(AI11:AI18) -> 11.666667 | AJ21: =MIN(AJ11:AJ18) -> 17007.853 | AK21: =MIN(AK11:AK18) -> 0.27 | ... AM21: =MIN(AM11:AM18) -> 88.666667
C22: 8 | D22: Sasmuan River 2 | E22: Sasmuan, Pampanga | F22: 8 | G22: 12 | H22: 3 | I22: 10 | J22: 9 | K22: 6 | L22: 6 | M22: 11 | N22: 9 | O22: 11 | P22: 8 | Q22: 12 | R22: =IFERROR(AVERAGE(F22:Q22), 0) -> 8.75 | S22: 7 | T22: ASF_8 | X22: MAXIMUM | AD22: =MAX(AD11:AD18) -> 4.7133333 | AE22: =MAX(AE11:AE18) -> 38.5 | AF22: =MAX(AF11:AF18) -> 142.83333 | AG22: =MAX(AG11:AG18) -> 7.2916667 | AH22: =MAX(AH11:AH18) -> 29.8 | AI22: =MAX(AI11:AI18) -> 35 | AJ22: =MAX(AJ11:AJ18) -> 1867969.6 | AK22: =MAX(AK11:AK18) -> 0.97266667 | ... AM22: =MAX(AM11:AM18) -> 241.83333
B23: TSS (mg/L) | C23: 1 | D23: Angeles River 1 | E23: Angeles, Pampanga | F23: 57 | G23: 20 | H23: 22 | I23: 24 | J23: 22 | K23: 24 | L23: 34 | M23: 84 | N23: 922 | O23: 50 | P23: 30 | Q23: 26 | R23: =IFERROR(AVERAGE(F23:Q23), 0) -> 109.58333 | S23: 80 | T23: ASF_1 | X23: STANDARD | AD23: 5 mg/L | AE23: 7 mg/L | AF23: 80 mg/L | AG23: 6.5-9.0 | AH23: 25-31 °C | AI23: 75 TCU | AJ23: 200 MPN/100 L | AK23: 7 mg/L | AL23: 0.025 mg/L | AM23: 350 mg/L
C24: 2 | D24: Angeles River 2 | E24: Angeles, Pampanga | F24: 55 | G24: 25 | H24: 18 | I24: 28 | J24: 24 | K24: 13 | L24: 68 | M24: 56 | N24: 796 | O24: 48 | P24: 32 | Q24: 32 | R24: =IFERROR(AVERAGE(F24:Q24), 0) -> 99.583333 | S24: 80 | T24: ASF_2
C25: 3 | D25: Mexico River | E25: Mexico, Pampanga | F25: 25 | G25: 19 | H25: 31 | I25: 51 | J25: 42 | K25: 62 | L25: 65 | M25: 102 | N25: 177 | O25: 55 | P25: 29 | Q25: 70 | R25: =IFERROR(AVERAGE(F25:Q25), 0) -> 60.666667 | S25: 80 | T25: ASF_3
C26: 4 | D26: San fernando River | E26: San Fernando, Pampanga | F26: 34 | G26: 7 | H26: 9 | I26: 58 | J26: 33 | K26: 57 | L26: 24 | M26: 28 | N26: 48 | O26: 32 | P26: 41 | Q26: 27 | R26: =IFERROR(AVERAGE(F26:Q26), 0) -> 33.166667 | S26: 80 | T26: ASF_4
C27: 5 | D27: Sto. Tomas River | E27: Sto. Tomas, Pampanga | F27: 8 | G27: 8 | H27: 4 | I27: 11 | J27: 43 | K27: 13 | L27: 22 | M27: 29 | N27: 31 | O27: 47 | P27: 42 | Q27: 35 | R27: =IFERROR(AVERAGE(F27:Q27), 0) -> 24.416667 | S27: 80 | T27: ASF_5
C28: 6 | D28: Minalin River | E28: Minalin, Pampanga | F28: 17 | G28: 13 | H28: 24 | I28: 21 | J28: 47 | K28: 26 | L28: 39 | M28: 28 | N28: 31 | O28: 52 | P28: 43 | Q28: 31 | R28: =IFERROR(AVERAGE(F28:Q28), 0) -> 31 | S28: 80 | T28: ASF_6
C29: 7 | D29: Sasmuan River 1 | E29: Sasmuan, Pampanga | F29: 105 | G29: 80 | H29: 72 | I29: 62 | J29: 109 | K29: 30 | L29: 50 | M29: 33 | N29: 42 | O29: 47 | P29: 34 | Q29: 39 | R29: =IFERROR(AVERAGE(F29:Q29), 0) -> 58.583333 | S29: 80 | T29: ASF_7 | X29: Water Quality Statistical Report
C30: 8 | D30: Sasmuan River 2 | E30: Sasmuan, Pampanga | F30: 314 | G30: 246 | H30: 85 | I30: 67 | J30: 99 | K30: 46 | L30: 80 | M30: 72 | N30: 37 | O30: 42 | P30: 37 | Q30: 55 | R30: =IFERROR(AVERAGE(F30:Q30), 0) -> 98.333333 | S30: 80 | T30: ASF_8 | X30: Annual 2025
B31: pH | C31: 1 | D31: Angeles River 1 | E31: Angeles, Pampanga | F31: 7.17 | G31: 7.71 | H31: 7.04 | I31: 7.3 | J31: 7 | K31: 7.09 | L31: 7.11 | M31: 7.28 | N31: 7.9 | O31: 7.6 | P31: 7.49 | Q31: 7.32 | R31: =IFERROR(AVERAGE(F31:Q31), 0) -> 7.3341667 | S31: 6.5-9.0 | T31: ASF_1 | AD31: PARAMETERS
C32: 2 | D32: Angeles River 2 | E32: Angeles, Pampanga | F32: 7.14 | G32: 7.6 | H32: 7.02 | I32: 7.37 | J32: 7 | K32: 7.11 | L32: 7.11 | M32: 7.2 | N32: 7.99 | O32: 7.64 | P32: 7.51 | Q32: 7.63 | R32: =IFERROR(AVERAGE(F32:Q32), 0) -> 7.36 | S32: 6.5-9.0 | T32: ASF_2 | X32: Province / Municipality | Z32: Waterbody | AA32: Class | AB32: No. of Station | AC32: Name of Station | AD32: DO | AE32: BOD | AF32: TSS | AG32: pH | AH32: TEMP | AI32: COLOR | AJ32: FECAL COLIFORM | AK32: NITRATES | AL32: PHOSPHATES | AM32: CHLORIDES
C33: 3 | D33: Mexico River | E33: Mexico, Pampanga | F33: 7.22 | G33: 7.3 | H33: 7.1 | I33: 7.41 | J33: 7 | K33: 7.12 | L33: 7.1 | M33: 7.2 | N33: 8.6 | O33: 7.8 | P33: 7.63 | Q33: 7.54 | R33: =IFERROR(AVERAGE(F33:Q33), 0) -> 7.4183333 | S33: 6.5-9.0 | T33: ASF_3 | X33: PAMPANGA | Y33: ANGELES-MEXICO-SAN FERNANDO-STO. TOMAS-MINALIN-SASMUAN, PAMPANGA | Z33: ASFMSRS WQMA | AA33: C | AB33: 1 | AC33: Sasmuan River 2 | AD33: =R7 -> 3.4025 | AE33: =R15 -> 19.666667 | AF33: =R23 -> 109.58333 | AG33: =R31 -> 7.3341667 | AH33: =R39 -> 28.979167 | AI33: =R47 -> 14.166667 | AJ33: =R55 -> 1992562 | AK33: =R63 -> 0.96283333 | AL33: =R71 -> 0.67308333 | AM33: =R79 -> 73.166667
C34: 4 | D34: San fernando River | E34: San Fernando, Pampanga | F34: 7.22 | G34: 7.9 | H34: 7.01 | I34: 7.61 | J34: 7 | K34: 7.01 | L34: 7 | M34: 7.21 | N34: 7.99 | O34: 7.1 | P34: 7.18 | Q34: 7.14 | R34: =IFERROR(AVERAGE(F34:Q34), 0) -> 7.2808333 | S34: 6.5-9.0 | T34: ASF_4 | AB34: 2 | AC34: Sasmuan River 1 | AD34: =R8 -> 3.5041667 | AE34: =R16 -> 17.666667 | AF34: =R24 -> 99.583333 | AG34: =R32 -> 7.36 | AH34: =R40 -> 29.099167 | AI34: =R48 -> 14.166667 | AJ34: =R56 -> 539852.59 | AK34: =R64 -> 0.85266667 | AL34: =R72 -> 0.7485 | AM34: =R80 -> 77.833333
C35: 5 | D35: Sto. Tomas River | E35: Sto. Tomas, Pampanga | F35: 7.02 | G35: 7.5 | H35: 7.09 | I35: 7.2 | J35: 7 | K35: 7 | L35: 7.02 | M35: 7.1 | N35: 7.9 | O35: 7.01 | P35: 7.1 | Q35: 7.5 | R35: =IFERROR(AVERAGE(F35:Q35), 0) -> 7.2033333 | S35: 6.5-9.0 | T35: ASF_5 | AB35: 3 | AC35: Minalin River | AD35: =R9 -> 4.4725 | AE35: =R17 -> 7 | AF35: =R25 -> 60.666667 | AG35: =R33 -> 7.4183333 | AH35: =R41 -> 29.133333 | AI35: =R49 -> 13.75 | AJ35: =R57 -> 88964.032 | AK35: =R65 -> 1.1364167 | AL35: =R73 -> 0.65641667 | AM35: =R81 -> 96.083333
C36: 6 | D36: Minalin River | E36: Minalin, Pampanga | F36: 7.06 | G36: 7.11 | H36: 7.09 | I36: 7.36 | J36: 7 | K36: 7.05 | L36: 7.01 | M36: 7.19 | N36: 7.97 | O36: 7.39 | P36: 7.58 | Q36: 7.61 | R36: =IFERROR(AVERAGE(F36:Q36), 0) -> 7.285 | S36: 6.5-9.0 | T36: ASF_6 | AB36: 4 | AC36: Sto. Tomas River | AD36: =R10 -> 2.0883333 | AE36: =R18 -> 32.25 | AF36: =R26 -> 33.166667 | AG36: =R34 -> 7.2808333 | AH36: =R42 -> 28.9 | AI36: =R50 -> 32.416667 | AJ36: =R58 -> 1893994.2 | AK36: =R66 -> 0.25516667 | AL36: =R74 -> 1.513 | AM36: =R82 -> 95.333333
C37: 7 | D37: Sasmuan River 1 | E37: Sasmuan, Pampanga | F37: 7.22 | G37: 7.12 | H37: 7.11 | I37: 7.41 | J37: 7 | K37: 7.1 | L37: 7.15 | M37: 7.23 | N37: 7.9 | O37: 7.3 | P37: 7.61 | Q37: 7.58 | R37: =IFERROR(AVERAGE(F37:Q37), 0) -> 7.3108333 | S37: 6.5-9.0 | T37: ASF_7 | AB37: 5 | AC37: San fernando River | AD37: =R11 -> 1.8916667 | AE37: =R19 -> 11.333333 | AF37: =R27 -> 24.416667 | AG37: =R35 -> 7.2033333 | AH37: =R43 -> 28.573333 | AI37: =R51 -> 37.583333 | AJ37: =R59 -> 201683.61 | AK37: =R67 -> 0.271 | AL37: =R75 -> 1.1935833 | AM37: =R83 -> 99.916667
C38: 8 | D38: Sasmuan River 2 | E38: Sasmuan, Pampanga | F38: 7.18 | G38: 7.1 | H38: 7.05 | I38: 7.38 | J38: 7 | K38: 7.08 | L38: 7.1 | M38: 7.2 | N38: 7.8 | O38: 7.28 | P38: 7.51 | Q38: 5.92 | R38: =IFERROR(AVERAGE(F38:Q38), 0) -> 7.1333333 | S38: 6.5-9.0 | T38: ASF_8 | AB38: 6 | AC38: Mexico River | AD38: =R12 -> 3.0383333 | AE38: =R20 -> 8 | AF38: =R28 -> 31 | AG38: =R36 -> 7.285 | AH38: =R44 -> 28.3525 | AI38: =R52 -> 42 | AJ38: =R60 -> 58502.934 | AK38: =R68 -> 0.34283333 | AL38: =R76 -> 0.87491667 | AM38: =R84 -> 174.75
B39: Temp. (°C) | C39: 1 | D39: Angeles River 1 | E39: Angeles, Pampanga | F39: 29.7 | G39: 30.65 | H39: 29.8 | I39: 32.4 | J39: 25.4 | K39: 29.5 | L39: 27.9 | M39: 28.8 | N39: 28.3 | O39: 26.9 | P39: 29.2 | Q39: 29.2 | R39: =IFERROR(AVERAGE(F39:Q39), 0) -> 28.979167 | S39: 25-31 | T39: ASF_1 | AB39: 7 | AC39: Angeles River 2 | AD39: =R13 -> 4.2966667 | AE39: =R21 -> 9.5 | AF39: =R29 -> 58.583333 | AG39: =R37 -> 7.3108333 | AH39: =R45 -> 28.1 | AI39: =R53 -> 77.583333 | AJ39: =R61 -> 14218.649 | AK39: =R69 -> 0.54858333 | AL39: =R77 -> 0.606 | AM39: =R85 -> 266.66667
C40: 2 | D40: Angeles River 2 | E40: Angeles, Pampanga | F40: 30 | G40: 30.6 | H40: 29.9 | I40: 32.4 | J40: 26.4 | K40: 29.5 | L40: 27.8 | M40: 28.8 | N40: 28.39 | O40: 27 | P40: 29.2 | Q40: 29.2 | R40: =IFERROR(AVERAGE(F40:Q40), 0) -> 29.099167 | S40: 25-31 | T40: ASF_2 | AB40: 8 | AC40: Angeles River 1 | AD40: =R14 -> 3.6733333 | AE40: =R22 -> 8.75 | AF40: =R30 -> 98.333333 | AG40: =R38 -> 7.1333333 | AH40: =R46 -> 28.158333 | AI40: =R54 -> 70.333333 | AJ40: =R62 -> 40045.893 | AK40: =R70 -> 0.75008333 | AL40: =R78 -> 0.58541667 | AM40: =R86 -> 228.5
C41: 3 | D41: Mexico River | E41: Mexico, Pampanga | F41: 30.5 | G41: 28.6 | H41: 29.7 | I41: 32.1 | J41: 27 | K41: 29.3 | L41: 28.7 | M41: 28.7 | N41: 29.7 | O41: 27.1 | P41: 29.1 | Q41: 29.1 | R41: =IFERROR(AVERAGE(F41:Q41), 0) -> 29.133333 | S41: 25-31 | T41: ASF_3
C42: 4 | D42: San fernando River | E42: San Fernando, Pampanga | F42: 30.1 | G42: 28 | H42: 29.6 | I42: 31.8 | J42: 26 | K42: 29.1 | L42: 29.5 | M42: 28.7 | N42: 29.9 | O42: 27.1 | P42: 28.5 | Q42: 28.5 | R42: =IFERROR(AVERAGE(F42:Q42), 0) -> 28.9 | S42: 25-31 | T42: ASF_4 | X42: AVERAGE | AD42: =AVERAGE(AD33:AD40) -> 3.2959375 | AE42: =AVERAGE(AE33:AE40) -> 14.270833 | AF42: =AVERAGE(AF33:AF40) -> 64.416667 | AG42: =AVERAGE(AG33:AG40) -> 7.2907292 | AH42: =AVERAGE(AH33:AH40) -> 28.661979 | AI42: =AVERAGE(AI33:AI40) -> 37.75 | AJ42: =AVERAGE(AJ33:AJ40) -> 603728 | AK42: =AVERAGE(AK33:AK40) -> 0.63994792 | ... AM42: =AVERAGE(AM33:AM40) -> 139.03125
C43: 5 | D43: Sto. Tomas River | E43: Sto. Tomas, Pampanga | F43: 28.8 | G43: 27.68 | H43: 28.4 | I43: 31.5 | J43: 26.7 | K43: 29 | L43: 27.9 | M43: 28.9 | N43: 28.3 | O43: 27.7 | P43: 28.1 | Q43: 29.9 | R43: =IFERROR(AVERAGE(F43:Q43), 0) -> 28.573333 | S43: 25-31 | T43: ASF_5 | X43: MINIMUM | AD43: =MIN(AD33:AD40) -> 1.8916667 | AE43: =MIN(AE33:AE40) -> 7 | AF43: =MIN(AF33:AF40) -> 24.416667 | AG43: =MIN(AG33:AG40) -> 7.1333333 | AH43: =MIN(AH33:AH40) -> 28.1 | AI43: =MIN(AI33:AI40) -> 13.75 | AJ43: =MIN(AJ33:AJ40) -> 14218.649 | AK43: =MIN(AK33:AK40) -> 0.25516667 | ... AM43: =MIN(AM33:AM40) -> 73.166667
C44: 6 | D44: Minalin River | E44: Minalin, Pampanga | F44: 28.4 | G44: 27.6 | H44: 29 | I44: 31.5 | J44: 25.43 | K44: 28.9 | L44: 28.1 | M44: 28 | N44: 29.4 | O44: 27.6 | P44: 27.8 | Q44: 28.5 | R44: =IFERROR(AVERAGE(F44:Q44), 0) -> 28.3525 | S44: 25-31 | T44: ASF_6 | X44: MAXIMUM | AD44: =MAX(AD33:AD40) -> 4.4725 | AE44: =MAX(AE33:AE40) -> 32.25 | AF44: =MAX(AF33:AF40) -> 109.58333 | AG44: =MAX(AG33:AG40) -> 7.4183333 | AH44: =MAX(AH33:AH40) -> 29.133333 | AI44: =MAX(AI33:AI40) -> 77.583333 | AJ44: =MAX(AJ33:AJ40) -> 1992562 | AK44: =MAX(AK33:AK40) -> 1.1364167 | ... AM44: =MAX(AM33:AM40) -> 266.66667
C45: 7 | D45: Sasmuan River 1 | E45: Sasmuan, Pampanga | F45: 29 | G45: 27.9 | H45: 28.5 | I45: 31.3 | J45: 25.9 | K45: 28.6 | L45: 27.1 | M45: 28 | N45: 27.2 | O45: 27.5 | P45: 28.1 | Q45: 28.1 | R45: =IFERROR(AVERAGE(F45:Q45), 0) -> 28.1 | S45: 25-31 | T45: ASF_7 | X45: STANDARD | AD45: 5 mg/L | AE45: 7 mg/L | AF45: 80 mg/L | AG45: 6.5-9.0 | AH45: 25-31 °C | AI45: 75 TCU | AJ45: 200 MPN/100 L | AK45: 7 mg/L | AL45: 0.025 mg/L | AM45: 350 mg/L
C46: 8 | D46: Sasmuan River 2 | E46: Sasmuan, Pampanga | F46: 29.2 | G46: 27.6 | H46: 28.1 | I46: 31.2 | J46: 26.5 | K46: 28.6 | L46: 26.9 | M46: 28.1 | N46: 27.1 | O46: 27.5 | P46: 28.9 | Q46: 28.2 | R46: =IFERROR(AVERAGE(F46:Q46), 0) -> 28.158333 | S46: 25-31 | T46: ASF_8
B47: Color (TCU) | C47: 1 | D47: Angeles River 1 | E47: Angeles, Pampanga | F47: 15 | G47: 15 | H47: 15 | I47: 15 | J47: 10 | K47: 10 | L47: 15 | M47: 10 | N47: 15 | O47: 10 | P47: 30 | Q47: 10 | R47: =IFERROR(AVERAGE(F47:Q47), 0) -> 14.166667 | S47: 75 | T47: ASF_1
C48: 2 | D48: Angeles River 2 | E48: Angeles, Pampanga | F48: 15 | G48: 15 | H48: 15 | I48: 15 | J48: 10 | K48: 10 | L48: 15 | M48: 15 | N48: 15 | O48: 10 | P48: 20 | Q48: 15 | R48: =IFERROR(AVERAGE(F48:Q48), 0) -> 14.166667 | S48: 75 | T48: ASF_2
C49: 3 | D49: Mexico River | E49: Mexico, Pampanga | F49: 15 | G49: 5 | H49: 15 | I49: 15 | J49: 10 | K49: 10 | L49: 15 | M49: 20 | N49: 15 | O49: 10 | P49: 20 | Q49: 15 | R49: =IFERROR(AVERAGE(F49:Q49), 0) -> 13.75 | S49: 75 | T49: ASF_3
C50: 4 | D50: San fernando River | E50: San Fernando, Pampanga | F50: 30 | G50: 25 | H50: 25 | I50: 30 | J50: 25 | K50: 40 | L50: 50 | M50: 45 | N50: 29 | O50: 30 | P50: 30 | Q50: 30 | R50: =IFERROR(AVERAGE(F50:Q50), 0) -> 32.416667 | S50: 75 | T50: ASF_4
C51: 5 | D51: Sto. Tomas River | E51: Sto. Tomas, Pampanga | F51: 30 | G51: 30 | H51: 40 | I51: 30 | J51: 35 | K51: 40 | L51: 65 | M51: 60 | N51: 31 | O51: 30 | P51: 30 | Q51: 30 | R51: =IFERROR(AVERAGE(F51:Q51), 0) -> 37.583333 | S51: 75 | T51: ASF_5
C52: 6 | D52: Minalin River | E52: Minalin, Pampanga | F52: 40 | G52: 30 | H52: 30 | I52: 30 | J52: 30 | K52: 40 | L52: 50 | M52: 35 | N52: 129 | O52: 30 | P52: 30 | Q52: 30 | R52: =IFERROR(AVERAGE(F52:Q52), 0) -> 42 | S52: 75 | T52: ASF_6
C53: 7 | D53: Sasmuan River 1 | E53: Sasmuan, Pampanga | F53: 40 | G53: 30 | H53: 40 | I53: 25 | J53: 35 | K53: 40 | L53: 35 | M53: 35 | N53: 566 | O53: 25 | P53: 30 | Q53: 30 | R53: =IFERROR(AVERAGE(F53:Q53), 0) -> 77.583333 | S53: 75 | T53: ASF_7
C54: 8 | D54: Sasmuan River 2 | E54: Sasmuan, Pampanga | F54: 25 | G54: 25 | H54: 15 | I54: 20 | J54: 30 | K54: 40 | L54: 35 | M54: 30 | N54: 564 | O54: 25 | P54: 20 | Q54: 15 | R54: =IFERROR(AVERAGE(F54:Q54), 0) -> 70.333333 | S54: 75 | T54: ASF_8
B55: Fecal Coliform (MPN/100mL) | C55: 1 | D55: Angeles River 1 | E55: Angeles, Pampanga | F55: 9200000 | G55: 1300000 | H55: 230000 | I55: 2200000 | J55: 1300000 | K55: 5400000 | L55: 35000000 | M55: 3500000 | N55: 160000 | O55: 1600000 | P55: 840000 | Q55: 3500000 | R55: =IFERROR(GEOMEAN(F55:Q55), "") -> 1992562 | S55: 200 | T55: ASF_1
C56: 2 | D56: Angeles River 2 | E56: Angeles, Pampanga | F56: 5400000 | G56: 1600000 | H56: 700000 | I56: 140000 | J56: 1600000 | K56: 1700000 | L56: 3500 | M56: 490000 | N56: 54000 | O56: 1700000 | P56: 1300000 | Q56: 1300000 | R56: =IFERROR(GEOMEAN(F56:Q56), "") -> 539852.59 | S56: 200 | T56: ASF_2
C57: 3 | D57: Mexico River | E57: Mexico, Pampanga | F57: 49000 | G57: 33000 | H57: 8300 | I57: 70000 | J57: 49000 | K57: 230000 | L57: 79000 | M57: 1300000 | N57: 13000 | O57: 140000 | P57: 540000 | Q57: 230000 | R57: =IFERROR(GEOMEAN(F57:Q57), "") -> 88964.032 | S57: 200 | T57: ASF_3
C58: 4 | D58: San fernando River | F58: 790000 | G58: 9200000 | H58: 49000 | I58: 9200000 | J58: 2800000 | K58: 3500000 | L58: 7000000 | M58: 490, 000 | N58: 2400000 | O58: 790000 | P58: 2400000 | Q58: 1100000 | R58: =IFERROR(GEOMEAN(F58:Q58), "") -> 1893994.2 | S58: 200 | T58: ASF_4
C59: 5 | D59: Sto. Tomas River | E59: Sto. Tomas, Pampanga | F59: 540000 | G59: 92000 | H59: 24000 | I59: 9300 | J59: 35000 | K59: 540000 | L59: 920000 | M59: 350, 000 | N59: 1600000 | O59: 1300000 | P59: 35000 | Q59: 1600000 | R59: =IFERROR(GEOMEAN(F59:Q59), "") -> 201683.61 | S59: 200 | T59: ASF_5
C60: 6 | D60: Minalin River | E60: Minalin, Pampanga | F60: 170000 | G60: 160000 | H60: 2300 | I60: 24000 | J60: 17000 | K60: 92000 | L60: 92000 | M60: 350, 000 | N60: 92000 | O60: 160000 | P60: 160000 | Q60: 54000 | R60: =IFERROR(GEOMEAN(F60:Q60), "") -> 58502.934 | S60: 200 | T60: ASF_6
C61: 7 | D61: Sasmuan River 1 | E61: Sasmuan, Pampanga | F61: 11000 | G61: 4900 | H61: 54000 | I61: 14000 | J61: 11000 | K61: 54000 | L61: 11000 | M61: 13, 000 | N61: 17000 | O61: 7900 | P61: 7900 | Q61: 17000 | R61: =IFERROR(GEOMEAN(F61:Q61), "") -> 14218.649 | S61: 200 | T61: ASF_7
C62: 8 | D62: Sasmuan River 2 | E62: Sasmuan, Pampanga | F62: 350000 | G62: 240000 | H62: 24000 | I62: 17000 | J62: 4900 | K62: 35000 | L62: 54000 | M62: 350, 000 | N62: 7900 | O62: 220000 | P62: 35000 | Q62: 22000 | R62: =IFERROR(GEOMEAN(F62:Q62), "") -> 40045.893 | S62: 200 | T62: ASF_8
B63: NO3-N (mg/L) | C63: 1 | D63: Angeles River 1 | E63: Angeles, Pampanga | F63: 0.964 | G63: 0.458 | H63: 0.952 | I63: 0.274 | J63: 0.043 | K63: 0.618 | L63: 0.899 | M63: 0.593 | N63: 1.278 | O63: 1.973 | P63: 1.752 | Q63: 1.75 | R63: =IFERROR(AVERAGE(F63:Q63), 0) -> 0.96283333 | S63: 7 | T63: ASF_1
C64: 2 | D64: Angeles River 2 | E64: Angeles, Pampanga | F64: 0.791 | G64: 0.561 | H64: 0.306 | I64: 0.323 | J64: 0.142 | K64: 0.968 | L64: 0.76 | M64: 0.078 | N64: 0.882 | O64: 1.953 | P64: 1.782 | Q64: 1.686 | R64: =IFERROR(AVERAGE(F64:Q64), 0) -> 0.85266667 | S64: 7 | T64: ASF_2
C65: 3 | D65: Mexico River | E65: Mexico, Pampanga | F65: 0.958 | G65: 0.504 | H65: 1.932 | I65: 0.467 | J65: 0.998 | K65: 0.977 | L65: 1.086 | M65: 0.658 | N65: 0.794 | O65: 1.945 | P65: 1.446 | Q65: 1.872 | R65: =IFERROR(AVERAGE(F65:Q65), 0) -> 1.1364167 | S65: 7 | T65: ASF_3
C66: 4 | D66: San fernando River | E66: San Fernando, Pampanga | F66: 0.141 | G66: 0.189 | H66: 0.135 | I66: 1.141 | J66: 0.211 | K66: 0.067 | L66: 0.252 | M66: 0.043 | N66: 0.363 | O66: 0.197 | P66: 0.215 | Q66: 0.108 | R66: =IFERROR(AVERAGE(F66:Q66), 0) -> 0.25516667 | S66: 7 | T66: ASF_4
C67: 5 | D67: Sto. Tomas River | E67: Sto. Tomas, Pampanga | F67: 0.105 | G67: 0.358 | H67: 0.169 | I67: 1.079 | J67: 0.043 | K67: 0.091 | L67: 0.074 | M67: 0.119 | N67: 0.657 | O67: 0.215 | P67: 0.187 | Q67: 0.155 | R67: =IFERROR(AVERAGE(F67:Q67), 0) -> 0.271 | S67: 7 | T67: ASF_5
C68: 6 | D68: Minalin River | E68: Minalin, Pampanga | F68: 0.072 | G68: 0.231 | H68: 0.297 | I68: 0.819 | J68: 0.043 | K68: 0.158 | L68: 0.16 | M68: 0.043 | N68: 1.394 | O68: 0.369 | P68: 0.189 | Q68: 0.339 | R68: =IFERROR(AVERAGE(F68:Q68), 0) -> 0.34283333 | S68: 7 | T68: ASF_6
C69: 7 | D69: Sasmuan River 1 | E69: Sasmuan, Pampanga | F69: 0.502 | G69: 0.702 | H69: 0.858 | I69: 0.253 | J69: 0.043 | K69: 1.099 | L69: 0.358 | M69: 0.082 | N69: 0.957 | O69: 0.574 | P69: 0.448 | Q69: 0.707 | R69: =IFERROR(AVERAGE(F69:Q69), 0) -> 0.54858333 | S69: 7 | T69: ASF_7
C70: 8 | D70: Sasmuan River 2 | E70: Sasmuan, Pampanga | F70: 0.654 | G70: 1.607 | H70: 0.944 | I70: 0.315 | J70: 0.362 | K70: 0.347 | L70: 0.291 | M70: 0.28 | N70: 1.91 | O70: 0.708 | P70: 0.541 | Q70: 1.042 | R70: =IFERROR(AVERAGE(F70:Q70), 0) -> 0.75008333 | S70: 7 | T70: ASF_8
B71: PO4-P (mg/L) | C71: 1 | D71: Angeles River 1 | E71: Angeles, Pampanga | F71: 0.834 | G71: 1.347 | H71: 1.075 | I71: 0.784 | J71: 0.142 | K71: 0.909 | L71: 0.529 | M71: 0.316 | N71: 0.494 | O71: 0.633 | P71: 0.506 | Q71: 0.508 | R71: =IFERROR(AVERAGE(F71:Q71), 0) -> 0.67308333 | S71: 0.025 | T71: ASF_1
C72: 2 | D72: Angeles River 2 | E72: Angeles, Pampanga | F72: 0.846 | G72: 1.271 | H72: 1.064 | I72: 0.788 | J72: 0.865 | K72: 0.965 | L72: 0.545 | M72: 0.378 | N72: 0.697 | O72: 0.642 | P72: 0.499 | Q72: 0.422 | R72: =IFERROR(AVERAGE(F72:Q72), 0) -> 0.7485 | S72: 0.025 | T72: ASF_2
C73: 3 | D73: Mexico River | E73: Mexico, Pampanga | F73: 0.808 | G73: 0.473 | H73: 0.543 | I73: 0.846 | J73: 1.395 | K73: 0.549 | L73: 0.441 | M73: 0.788 | N73: 0.494 | O73: 0.459 | P73: 0.587 | Q73: 0.494 | R73: =IFERROR(AVERAGE(F73:Q73), 0) -> 0.65641667 | S73: 0.025 | T73: ASF_3
C74: 4 | D74: San fernando River | E74: San Fernando, Pampanga | F74: 2.262 | G74: 2.434 | H74: 1.443 | I74: 1.141 | J74: 1.947 | K74: 1.247 | L74: 1.267 | M74: 0.75 | N74: 0.494 | O74: 1.689 | P74: 1.798 | Q74: 1.684 | R74: =IFERROR(AVERAGE(F74:Q74), 0) -> 1.513 | S74: 0.025 | T74: ASF_4
C75: 5 | D75: Sto. Tomas River | E75: Sto. Tomas, Pampanga | F75: 2.098 | G75: 1.139 | H75: 1.458 | I75: 1.079 | J75: 1.561 | K75: 1.29 | L75: 1.149 | M75: 0.876 | N75: 0.41 | O75: 0.871 | P75: 1.094 | Q75: 1.298 | R75: =IFERROR(AVERAGE(F75:Q75), 0) -> 1.1935833 | S75: 0.025 | T75: ASF_5
C76: 6 | D76: Minalin River | E76: Minalin, Pampanga | F76: 1.39 | G76: 1.364 | H76: 0.771 | I76: 0.819 | J76: 0.833 | K76: 1.201 | L76: 0.961 | M76: 0.77 | N76: 0.557 | O76: 0.642 | P76: 0.523 | Q76: 0.668 | R76: =IFERROR(AVERAGE(F76:Q76), 0) -> 0.87491667 | S76: 0.025 | T76: ASF_6
C77: 7 | D77: Sasmuan River 1 | E77: Sasmuan, Pampanga | F77: 0.676 | G77: 0.55 | H77: 0.679 | I77: 0.588 | J77: 0.891 | K77: 0.672 | L77: 0.532 | M77: 0.665 | N77: 0.428 | O77: 0.569 | P77: 0.484 | Q77: 0.538 | R77: =IFERROR(AVERAGE(F77:Q77), 0) -> 0.606 | S77: 0.025 | T77: ASF_7
C78: 8 | D78: Sasmuan River 2 | E78: Sasmuan, Pampanga | F78: 0.644 | G78: 0.828 | H78: 0.394 | I78: 0.374 | J78: 0.746 | K78: 0.658 | L78: 0.532 | M78: 0.784 | N78: 0.494 | O78: 0.679 | P78: 0.456 | Q78: 0.436 | R78: =IFERROR(AVERAGE(F78:Q78), 0) -> 0.58541667 | S78: 0.025 | T78: ASF_8
B79: Cl- (mg/L) | C79: 1 | D79: Angeles River 1 | E79: Angeles, Pampanga | F79: 48 | G79: 52 | H79: 147 | I79: 120 | J79: 36 | K79: 129 | L79: 45 | M79: 30 | N79: 38 | O79: 29 | P79: 165 | Q79: 39 | R79: =IFERROR(AVERAGE(F79:Q79), 0) -> 73.166667 | S79: 350 | T79: ASF_1
C80: 2 | D80: Angeles River 2 | E80: Angeles, Pampanga | F80: 53 | G80: 52 | H80: 147 | I80: 113 | J80: 46 | K80: 186 | L80: 42 | M80: 35 | N80: 29 | O80: 27 | P80: 165 | Q80: 39 | R80: =IFERROR(AVERAGE(F80:Q80), 0) -> 77.833333 | S80: 350 | T80: ASF_2
C81: 3 | D81: Mexico River | E81: Mexico, Pampanga | F81: 43 | G81: 35 | H81: 131 | I81: 373 | J81: 35 | K81: 192 | L81: 39 | M81: 17 | N81: 22 | O81: 19 | P81: 170 | Q81: 77 | R81: =IFERROR(AVERAGE(F81:Q81), 0) -> 96.083333 | S81: 350 | T81: ASF_3
C82: 4 | D82: San fernando River | E82: San Fernando, Pampanga | F82: 43 | G82: 59 | H82: 154 | I82: 367 | J82: 58 | K82: 172 | L82: 26 | M82: 27 | N82: 29 | O82: 30 | P82: 145 | Q82: 34 | R82: =IFERROR(AVERAGE(F82:Q82), 0) -> 95.333333 | S82: 350 | T82: ASF_4
C83: 5 | D83: Sto. Tomas River | E83: Sto. Tomas, Pampanga | F83: 65 | G83: 215 | H83: 258 | I83: 127 | J83: 63 | K83: 209 | L83: 60 | M83: 37 | N83: 31 | O83: 26 | P83: 73 | Q83: 35 | R83: =IFERROR(AVERAGE(F83:Q83), 0) -> 99.916667 | S83: 350 | T83: ASF_5
C84: 6 | D84: Minalin River | E84: Minalin, Pampanga | F84: 201 | G84: 222 | H84: 307 | I84: 180 | J84: 74 | K84: 275 | L84: 312 | M84: 134 | N84: 129 | O84: 79 | P84: 100 | Q84: 84 | R84: =IFERROR(AVERAGE(F84:Q84), 0) -> 174.75 | S84: 350 | T84: ASF_6
C85: 7 | D85: Sasmuan River 1 | E85: Sasmuan, Pampanga | F85: 462 | G85: 191 | H85: 278 | I85: 160 | J85: 35 | K85: 325 | L85: 101 | M85: 773 | N85: 566 | O85: 55 | P85: 119 | Q85: 135 | R85: =IFERROR(AVERAGE(F85:Q85), 0) -> 266.66667 | S85: 350 | T85: ASF_7
C86: 8 | D86: Sasmuan River 2 | E86: Sasmuan, Pampanga | F86: 349 | G86: 139 | H86: 229 | I86: 360 | J86: 38 | K86: 328 | L86: 89 | M86: 385 | N86: 564 | O86: 55 | P86: 134 | Q86: 72 | R86: =IFERROR(AVERAGE(F86:Q86), 0) -> 228.5 | S86: 350 | T86: ASF_8
B87: Observations | C87: 1 | D87: Angeles River 1 | E87: Angeles, Pampanga | F87: - Residential area, presence of few floating solid waste on river banks | G87: Tall vegetation along each side of the river | H87: Residential area, presence of few floating solid waste | I87: residential area, few floating of solid waste | J87: near commercial/ residential area | K87: Residential area, lush vegetation on riverbanks | L87: residential area, few floating of solid waste and thick vegetation along the river | M87: presence of solid waste, residential area | N87: residential area, few solid waste, large volume of water | O87: turbid water, visible of heavy equipment and fishing boat, presence of few solid waste | P87: presence of heavy, equipment, presence of solid waste | Q87: Presence of solid waste
B88: Cl- (mg/L) | C88: 2 | D88: Angeles River 2 | E88: Angeles, Pampanga | F88: - Residential area, presence of few floating solid waste on river banks | G88: Tall vegetation along each side of the river | H88: Residential area, presence of few floating solid waste | I88: residential area, few floating of solid waste | J88: near commercial/ residential area | K88: Residential area, lush vegetation on riverbanks | L88: residential area, few floating of solid waste and thick vegetation along the river | M88: presence of solid waste, residential area | N88: near linear park, few solid waste, large volume of water, near fish ponds | O88: presence of few hyacinth and solid waste, near fishpond area | P88: presence of heavy, equipment, presence of solid waste | Q88: Presence of solid waste
